flags,instruction,category,intent,response
B,hi do you deliver to {{Delivery City}} please,DELIVERY,delivery_options,"Standard delivery is 3-5 business days, express is next business day; options and costs are shown at checkout."
BM,"hello, change my email preferences thanks",SUBSCRIPTION,manage_newsletter,"Email preferences live under Account > Communications, and every newsletter carries a one-click unsubscribe link."
BM,hey there requesting reimbursement for my purchase,REFUND,get_refund,Refunds are issued to the original payment method within 5-7 business days of the returned item being received.
BQ,i was charged twice for order {{Order Number}} asap,PAYMENT,payment_issue,Failed payments are usually an issuer block or an address mismatch; retry with a different method or contact your bank.
BM,"i need help, problem paying with my credit card please",PAYMENT,payment_issue,Failed payments are usually an issuer block or an address mismatch; retry with a different method or contact your bank.
BQ,hey there delivery times to my area!,DELIVERY,delivery_options,"Standard delivery is 3-5 business days, express is next business day; options and costs are shown at checkout."
BQ,hey there cancel my recent purchase asap,ORDER,cancel_order,Orders can be cancelled from Orders > Cancel within 60 minutes of purchase; after that contact support for a return.
BL,please double charge on my account asap,PAYMENT,payment_issue,Failed payments are usually an issuer block or an address mismatch; retry with a different method or contact your bank.
BL,"i need help, cannot log into my account please",ACCOUNT,recover_password,Use Forgot Password on the sign-in page; the reset link is valid for 30 minutes and may land in spam.
B,"hello, please cancel the purchase i just made",ORDER,cancel_order,Orders can be cancelled from Orders > Cancel within 60 minutes of purchase; after that contact support for a return.
BL,please status of my delivery please!,ORDER,track_order,You can track your order in the Orders section of your account; a live tracking link is also emailed at dispatch.
B,"i need help, how do i subscribe to your newsletter?",SUBSCRIPTION,manage_newsletter,"Email preferences live under Account > Communications, and every newsletter carries a one-click unsubscribe link."
BM,hi delivery times to my area?,DELIVERY,delivery_options,"Standard delivery is 3-5 business days, express is next business day; options and costs are shown at checkout."
B,"i need help, too many promotional emails asap",SUBSCRIPTION,manage_newsletter,"Email preferences live under Account > Communications, and every newsletter carries a one-click unsubscribe link."
BQ,hey there has my parcel shipped yet?,ORDER,track_order,You can track your order in the Orders section of your account; a live tracking link is also emailed at dispatch.
BM,please i was charged but never received the item?,REFUND,get_refund,Refunds are issued to the original payment method within 5-7 business days of the returned item being received.
B,"hello, too many promotional emails?",SUBSCRIPTION,manage_newsletter,"Email preferences live under Account > Communications, and every newsletter carries a one-click unsubscribe link."
BQ,please please cancel the purchase i just made please,ORDER,cancel_order,Orders can be cancelled from Orders > Cancel within 60 minutes of purchase; after that contact support for a return.
BL,"i need help, do you deliver to {{Delivery City}}",DELIVERY,delivery_options,"Standard delivery is 3-5 business days, express is next business day; options and costs are shown at checkout."
BM,please when will my order arrive,DELIVERY,delivery_options,"Standard delivery is 3-5 business days, express is next business day; options and costs are shown at checkout."
BQ,hi requesting reimbursement for my purchase thanks,REFUND,get_refund,Refunds are issued to the original payment method within 5-7 business days of the returned item being received.
BQ,i want to open an account thanks,ACCOUNT,create_account,Create an account from Sign Up with an email address; you will receive a verification link to activate it.
B,"i need help, when will my order arrive thanks",DELIVERY,delivery_options,"Standard delivery is 3-5 business days, express is next business day; options and costs are shown at checkout."
BQ,has my parcel shipped yet please,ORDER,track_order,You can track your order in the Orders section of your account; a live tracking link is also emailed at dispatch.
B,cannot log into my account,ACCOUNT,recover_password,Use Forgot Password on the sign-in page; the reset link is valid for 30 minutes and may land in spam.
BL,hi i forgot my password?,ACCOUNT,recover_password,Use Forgot Password on the sign-in page; the reset link is valid for 30 minutes and may land in spam.
B,hi when will my refund of {{Refund Amount}} arrive thanks,REFUND,get_refund,Refunds are issued to the original payment method within 5-7 business days of the returned item being received.
B,please locked out of my profile asap,ACCOUNT,recover_password,Use Forgot Password on the sign-in page; the reset link is valid for 30 minutes and may land in spam.
BL,hi i was charged twice for order {{Order Number}} thanks,PAYMENT,payment_issue,Failed payments are usually an issuer block or an address mismatch; retry with a different method or contact your bank.
B,i want a refund for order {{Order Number}} please,REFUND,get_refund,Refunds are issued to the original payment method within 5-7 business days of the returned item being received.
B,"i need help, how do i get my money back",REFUND,get_refund,Refunds are issued to the original payment method within 5-7 business days of the returned item being received.
BL,hey there stop sending me marketing emails asap,SUBSCRIPTION,manage_newsletter,"Email preferences live under Account > Communications, and every newsletter carries a one-click unsubscribe link."
B,hi help me create a new profile!,ACCOUNT,create_account,Create an account from Sign Up with an email address; you will receive a verification link to activate it.
BM,problem paying with my credit card,PAYMENT,payment_issue,Failed payments are usually an issuer block or an address mismatch; retry with a different method or contact your bank.
BL,please the card was declined at checkout!,PAYMENT,payment_issue,Failed payments are usually an issuer block or an address mismatch; retry with a different method or contact your bank.
BM,please sign me up for an account please,ACCOUNT,create_account,Create an account from Sign Up with an email address; you will receive a verification link to activate it.
B,"i need help, track order {{Order Number}}",ORDER,track_order,You can track your order in the Orders section of your account; a live tracking link is also emailed at dispatch.
BL,hi i want to check the status of order {{Order Number}} asap,ORDER,track_order,You can track your order in the Orders section of your account; a live tracking link is also emailed at dispatch.
BM,hey there cancel my recent purchase?,ORDER,cancel_order,Orders can be cancelled from Orders > Cancel within 60 minutes of purchase; after that contact support for a return.
BQ,"hello, change my email preferences?",SUBSCRIPTION,manage_newsletter,"Email preferences live under Account > Communications, and every newsletter carries a one-click unsubscribe link."
B,hi how much is express delivery,DELIVERY,delivery_options,"Standard delivery is 3-5 business days, express is next business day; options and costs are shown at checkout."
BM,"i need help, my payment failed asap",PAYMENT,payment_issue,Failed payments are usually an issuer block or an address mismatch; retry with a different method or contact your bank.
BQ,hi how much is express delivery asap,DELIVERY,delivery_options,"Standard delivery is 3-5 business days, express is next business day; options and costs are shown at checkout."
BM,hi how do i get my money back,REFUND,get_refund,Refunds are issued to the original payment method within 5-7 business days of the returned item being received.
BQ,please unsubscribe me from the newsletter,SUBSCRIPTION,manage_newsletter,"Email preferences live under Account > Communications, and every newsletter carries a one-click unsubscribe link."
B,"hello, how much is express delivery!",DELIVERY,delivery_options,"Standard delivery is 3-5 business days, express is next business day; options and costs are shown at checkout."
B,please change my email preferences thanks,SUBSCRIPTION,manage_newsletter,"Email preferences live under Account > Communications, and every newsletter carries a one-click unsubscribe link."
B,hi delivery times to my area!,DELIVERY,delivery_options,"Standard delivery is 3-5 business days, express is next business day; options and costs are shown at checkout."
B,"hello, do you deliver to {{Delivery City}}?",DELIVERY,delivery_options,"Standard delivery is 3-5 business days, express is next business day; options and costs are shown at checkout."
B,"i need help, has my parcel shipped yet please",ORDER,track_order,You can track your order in the Orders section of your account; a live tracking link is also emailed at dispatch.
BQ,"hello, registration help?",ACCOUNT,create_account,Create an account from Sign Up with an email address; you will receive a verification link to activate it.
BM,"i need help, unsubscribe me from the newsletter asap",SUBSCRIPTION,manage_newsletter,"Email preferences live under Account > Communications, and every newsletter carries a one-click unsubscribe link."
BL,i want to check the status of order {{Order Number}}?,ORDER,track_order,You can track your order in the Orders section of your account; a live tracking link is also emailed at dispatch.
BM,hi unsubscribe me from the newsletter thanks,SUBSCRIPTION,manage_newsletter,"Email preferences live under Account > Communications, and every newsletter carries a one-click unsubscribe link."
BM,hey there i want to check the status of order {{Order Number}},ORDER,track_order,You can track your order in the Orders section of your account; a live tracking link is also emailed at dispatch.
BL,please what do i need to open an account thanks,ACCOUNT,create_account,Create an account from Sign Up with an email address; you will receive a verification link to activate it.
BQ,hi unsubscribe me from the newsletter!,SUBSCRIPTION,manage_newsletter,"Email preferences live under Account > Communications, and every newsletter carries a one-click unsubscribe link."
BM,"hello, stop sending me marketing emails",SUBSCRIPTION,manage_newsletter,"Email preferences live under Account > Communications, and every newsletter carries a one-click unsubscribe link."
B,hey there i need to cancel order {{Order Number}}?,ORDER,cancel_order,Orders can be cancelled from Orders > Cancel within 60 minutes of purchase; after that contact support for a return.
BQ,cannot log into my account,ACCOUNT,recover_password,Use Forgot Password on the sign-in page; the reset link is valid for 30 minutes and may land in spam.
BL,please stop sending me marketing emails please,SUBSCRIPTION,manage_newsletter,"Email preferences live under Account > Communications, and every newsletter carries a one-click unsubscribe link."
BL,"i need help, can you tell me where my package is thanks",ORDER,track_order,You can track your order in the Orders section of your account; a live tracking link is also emailed at dispatch.
B,please problem paying with my credit card please,PAYMENT,payment_issue,Failed payments are usually an issuer block or an address mismatch; retry with a different method or contact your bank.
BL,hey there how do i subscribe to your newsletter please,SUBSCRIPTION,manage_newsletter,"Email preferences live under Account > Communications, and every newsletter carries a one-click unsubscribe link."
BQ,hi has my parcel shipped yet please,ORDER,track_order,You can track your order in the Orders section of your account; a live tracking link is also emailed at dispatch.
BL,hey there where is my order {{Order Number}}?,ORDER,track_order,You can track your order in the Orders section of your account; a live tracking link is also emailed at dispatch.
B,change my email preferences please,SUBSCRIPTION,manage_newsletter,"Email preferences live under Account > Communications, and every newsletter carries a one-click unsubscribe link."
BL,please status of my delivery please thanks,ORDER,track_order,You can track your order in the Orders section of your account; a live tracking link is also emailed at dispatch.
BQ,please password reset email not arriving please,ACCOUNT,recover_password,Use Forgot Password on the sign-in page; the reset link is valid for 30 minutes and may land in spam.
B,please i want to check the status of order {{Order Number}} please,ORDER,track_order,You can track your order in the Orders section of your account; a live tracking link is also emailed at dispatch.
BM,cancel my recent purchase please,ORDER,cancel_order,Orders can be cancelled from Orders > Cancel within 60 minutes of purchase; after that contact support for a return.
BM,hey there please cancel the purchase i just made?,ORDER,cancel_order,Orders can be cancelled from Orders > Cancel within 60 minutes of purchase; after that contact support for a return.
BM,"hello, registration help",ACCOUNT,create_account,Create an account from Sign Up with an email address; you will receive a verification link to activate it.
BM,track order {{Order Number}}!,ORDER,track_order,You can track your order in the Orders section of your account; a live tracking link is also emailed at dispatch.
BL,hey there where is my order {{Order Number}} thanks,ORDER,track_order,You can track your order in the Orders section of your account; a live tracking link is also emailed at dispatch.
B,please i need to recover access to my account?,ACCOUNT,recover_password,Use Forgot Password on the sign-in page; the reset link is valid for 30 minutes and may land in spam.
B,hey there i was charged but never received the item thanks,REFUND,get_refund,Refunds are issued to the original payment method within 5-7 business days of the returned item being received.
BM,"hello, why is my payment not going through please",PAYMENT,payment_issue,Failed payments are usually an issuer block or an address mismatch; retry with a different method or contact your bank.
BM,hi unsubscribe me from the newsletter,SUBSCRIPTION,manage_newsletter,"Email preferences live under Account > Communications, and every newsletter carries a one-click unsubscribe link."
BL,"i need help, cannot log into my account please",ACCOUNT,recover_password,Use Forgot Password on the sign-in page; the reset link is valid for 30 minutes and may land in spam.
BQ,"hello, i want to open an account!",ACCOUNT,create_account,Create an account from Sign Up with an email address; you will receive a verification link to activate it.
BL,hey there unsubscribe me from the newsletter?,SUBSCRIPTION,manage_newsletter,"Email preferences live under Account > Communications, and every newsletter carries a one-click unsubscribe link."
BM,hi how much is express delivery asap,DELIVERY,delivery_options,"Standard delivery is 3-5 business days, express is next business day; options and costs are shown at checkout."
BM,hey there status of my delivery please?,ORDER,track_order,You can track your order in the Orders section of your account; a live tracking link is also emailed at dispatch.
BL,my payment failed!,PAYMENT,payment_issue,Failed payments are usually an issuer block or an address mismatch; retry with a different method or contact your bank.
BM,hi password reset email not arriving asap,ACCOUNT,recover_password,Use Forgot Password on the sign-in page; the reset link is valid for 30 minutes and may land in spam.
B,how do i cancel my order!,ORDER,cancel_order,Orders can be cancelled from Orders > Cancel within 60 minutes of purchase; after that contact support for a return.
BQ,"i need help, locked out of my profile?",ACCOUNT,recover_password,Use Forgot Password on the sign-in page; the reset link is valid for 30 minutes and may land in spam.
BM,please where is my order {{Order Number}}!,ORDER,track_order,You can track your order in the Orders section of your account; a live tracking link is also emailed at dispatch.
B,"i need help, i forgot my password asap",ACCOUNT,recover_password,Use Forgot Password on the sign-in page; the reset link is valid for 30 minutes and may land in spam.
BL,"hello, why is my payment not going through asap",PAYMENT,payment_issue,Failed payments are usually an issuer block or an address mismatch; retry with a different method or contact your bank.
BQ,"i need help, when will my refund of {{Refund Amount}} arrive thanks",REFUND,get_refund,Refunds are issued to the original payment method within 5-7 business days of the returned item being received.
BQ,hi problem paying with my credit card?,PAYMENT,payment_issue,Failed payments are usually an issuer block or an address mismatch; retry with a different method or contact your bank.
BQ,i want to call off order {{Order Number}}?,ORDER,cancel_order,Orders can be cancelled from Orders > Cancel within 60 minutes of purchase; after that contact support for a return.
BQ,hey there can you tell me where my package is,ORDER,track_order,You can track your order in the Orders section of your account; a live tracking link is also emailed at dispatch.
B,"hello, when will my order arrive!",DELIVERY,delivery_options,"Standard delivery is 3-5 business days, express is next business day; options and costs are shown at checkout."
BL,can you tell me where my package is please,ORDER,track_order,You can track your order in the Orders section of your account; a live tracking link is also emailed at dispatch.
BL,"i need help, double charge on my account asap",PAYMENT,payment_issue,Failed payments are usually an issuer block or an address mismatch; retry with a different method or contact your bank.
BQ,hi when will my refund of {{Refund Amount}} arrive asap,REFUND,get_refund,Refunds are issued to the original payment method within 5-7 business days of the returned item being received.
BQ,please how do i get my money back asap,REFUND,get_refund,Refunds are issued to the original payment method within 5-7 business days of the returned item being received.
B,registration help!,ACCOUNT,create_account,Create an account from Sign Up with an email address; you will receive a verification link to activate it.
BL,"i need help, why is my payment not going through",PAYMENT,payment_issue,Failed payments are usually an issuer block or an address mismatch; retry with a different method or contact your bank.
BM,hey there do you deliver to {{Delivery City}}!,DELIVERY,delivery_options,"Standard delivery is 3-5 business days, express is next business day; options and costs are shown at checkout."
BL,hey there i was charged twice for order {{Order Number}}?,PAYMENT,payment_issue,Failed payments are usually an issuer block or an address mismatch; retry with a different method or contact your bank.
BM,please cancel my recent purchase,ORDER,cancel_order,Orders can be cancelled from Orders > Cancel within 60 minutes of purchase; after that contact support for a return.
BL,what do i need to open an account,ACCOUNT,create_account,Create an account from Sign Up with an email address; you will receive a verification link to activate it.
BQ,hi track order {{Order Number}} please,ORDER,track_order,You can track your order in the Orders section of your account; a live tracking link is also emailed at dispatch.
BQ,"i need help, refund status please?",REFUND,get_refund,Refunds are issued to the original payment method within 5-7 business days of the returned item being received.
BL,hey there what do i need to open an account?,ACCOUNT,create_account,Create an account from Sign Up with an email address; you will receive a verification link to activate it.
BQ,hey there my payment failed thanks,PAYMENT,payment_issue,Failed payments are usually an issuer block or an address mismatch; retry with a different method or contact your bank.
BL,hey there change my email preferences,SUBSCRIPTION,manage_newsletter,"Email preferences live under Account > Communications, and every newsletter carries a one-click unsubscribe link."
B,stop sending me marketing emails please,SUBSCRIPTION,manage_newsletter,"Email preferences live under Account > Communications, and every newsletter carries a one-click unsubscribe link."
BQ,"i need help, when will my order arrive!",DELIVERY,delivery_options,"Standard delivery is 3-5 business days, express is next business day; options and costs are shown at checkout."
BL,"hello, how do i cancel my order asap",ORDER,cancel_order,Orders can be cancelled from Orders > Cancel within 60 minutes of purchase; after that contact support for a return.
BL,delivery times to my area!,DELIVERY,delivery_options,"Standard delivery is 3-5 business days, express is next business day; options and costs are shown at checkout."
B,"hello, help me create a new profile please",ACCOUNT,create_account,Create an account from Sign Up with an email address; you will receive a verification link to activate it.
BQ,"hello, the card was declined at checkout!",PAYMENT,payment_issue,Failed payments are usually an issuer block or an address mismatch; retry with a different method or contact your bank.
BM,hi refund status please!,REFUND,get_refund,Refunds are issued to the original payment method within 5-7 business days of the returned item being received.
BL,hi what do i need to open an account!,ACCOUNT,create_account,Create an account from Sign Up with an email address; you will receive a verification link to activate it.
BM,please i was charged but never received the item!,REFUND,get_refund,Refunds are issued to the original payment method within 5-7 business days of the returned item being received.
BQ,the card was declined at checkout thanks,PAYMENT,payment_issue,Failed payments are usually an issuer block or an address mismatch; retry with a different method or contact your bank.
BL,"hello, i forgot my password thanks",ACCOUNT,recover_password,Use Forgot Password on the sign-in page; the reset link is valid for 30 minutes and may land in spam.
B,"hello, sign me up for an account asap",ACCOUNT,create_account,Create an account from Sign Up with an email address; you will receive a verification link to activate it.
BL,please refund status please?,REFUND,get_refund,Refunds are issued to the original payment method within 5-7 business days of the returned item being received.
BL,"hello, requesting reimbursement for my purchase",REFUND,get_refund,Refunds are issued to the original payment method within 5-7 business days of the returned item being received.
BM,"hello, double charge on my account please",PAYMENT,payment_issue,Failed payments are usually an issuer block or an address mismatch; retry with a different method or contact your bank.
BM,"hello, can i stop my order from shipping!",ORDER,cancel_order,Orders can be cancelled from Orders > Cancel within 60 minutes of purchase; after that contact support for a return.
BM,hey there the card was declined at checkout!,PAYMENT,payment_issue,Failed payments are usually an issuer block or an address mismatch; retry with a different method or contact your bank.
B,please registration help thanks,ACCOUNT,create_account,Create an account from Sign Up with an email address; you will receive a verification link to activate it.
B,please i was charged twice for order {{Order Number}} please,PAYMENT,payment_issue,Failed payments are usually an issuer block or an address mismatch; retry with a different method or contact your bank.
B,i forgot my password?,ACCOUNT,recover_password,Use Forgot Password on the sign-in page; the reset link is valid for 30 minutes and may land in spam.
B,please how do i reset my password thanks,ACCOUNT,recover_password,Use Forgot Password on the sign-in page; the reset link is valid for 30 minutes and may land in spam.
B,please cannot log into my account,ACCOUNT,recover_password,Use Forgot Password on the sign-in page; the reset link is valid for 30 minutes and may land in spam.
BL,hey there how do i subscribe to your newsletter asap,SUBSCRIPTION,manage_newsletter,"Email preferences live under Account > Communications, and every newsletter carries a one-click unsubscribe link."
BM,hey there i was charged twice for order {{Order Number}}?,PAYMENT,payment_issue,Failed payments are usually an issuer block or an address mismatch; retry with a different method or contact your bank.
BQ,please i need to recover access to my account thanks,ACCOUNT,recover_password,Use Forgot Password on the sign-in page; the reset link is valid for 30 minutes and may land in spam.
BM,hey there the card was declined at checkout please,PAYMENT,payment_issue,Failed payments are usually an issuer block or an address mismatch; retry with a different method or contact your bank.
BQ,the card was declined at checkout!,PAYMENT,payment_issue,Failed payments are usually an issuer block or an address mismatch; retry with a different method or contact your bank.
BQ,help me create a new profile please,ACCOUNT,create_account,Create an account from Sign Up with an email address; you will receive a verification link to activate it.
BL,please why is my payment not going through,PAYMENT,payment_issue,Failed payments are usually an issuer block or an address mismatch; retry with a different method or contact your bank.
B,hi how do i subscribe to your newsletter asap,SUBSCRIPTION,manage_newsletter,"Email preferences live under Account > Communications, and every newsletter carries a one-click unsubscribe link."
BQ,hi help me create a new profile asap,ACCOUNT,create_account,Create an account from Sign Up with an email address; you will receive a verification link to activate it.
BL,hey there my payment failed asap,PAYMENT,payment_issue,Failed payments are usually an issuer block or an address mismatch; retry with a different method or contact your bank.
BL,where is my order {{Order Number}},ORDER,track_order,You can track your order in the Orders section of your account; a live tracking link is also emailed at dispatch.
BL,please how do i subscribe to your newsletter please,SUBSCRIPTION,manage_newsletter,"Email preferences live under Account > Communications, and every newsletter carries a one-click unsubscribe link."
BL,hi i was charged but never received the item,REFUND,get_refund,Refunds are issued to the original payment method within 5-7 business days of the returned item being received.
B,hey there i want to opt out of emails thanks,SUBSCRIPTION,manage_newsletter,"Email preferences live under Account > Communications, and every newsletter carries a one-click unsubscribe link."
BL,"hello, is next day shipping available",DELIVERY,delivery_options,"Standard delivery is 3-5 business days, express is next business day; options and costs are shown at checkout."
BM,hey there status of my delivery please asap,ORDER,track_order,You can track your order in the Orders section of your account; a live tracking link is also emailed at dispatch.
BM,"hello, why is my payment not going through asap",PAYMENT,payment_issue,Failed payments are usually an issuer block or an address mismatch; retry with a different method or contact your bank.
BL,hey there can you tell me where my package is asap,ORDER,track_order,You can track your order in the Orders section of your account; a live tracking link is also emailed at dispatch.
BL,when will my order arrive,DELIVERY,delivery_options,"Standard delivery is 3-5 business days, express is next business day; options and costs are shown at checkout."
BM,"i need help, cannot log into my account asap",ACCOUNT,recover_password,Use Forgot Password on the sign-in page; the reset link is valid for 30 minutes and may land in spam.
BL,please i want to call off order {{Order Number}} please,ORDER,cancel_order,Orders can be cancelled from Orders > Cancel within 60 minutes of purchase; after that contact support for a return.
BQ,when will my refund of {{Refund Amount}} arrive please,REFUND,get_refund,Refunds are issued to the original payment method within 5-7 business days of the returned item being received.
BQ,please double charge on my account please,PAYMENT,payment_issue,Failed payments are usually an issuer block or an address mismatch; retry with a different method or contact your bank.
BM,"i need help, registration help?",ACCOUNT,create_account,Create an account from Sign Up with an email address; you will receive a verification link to activate it.
B,please how do i cancel my order?,ORDER,cancel_order,Orders can be cancelled from Orders > Cancel within 60 minutes of purchase; after that contact support for a return.
BQ,please how do i subscribe to your newsletter thanks,SUBSCRIPTION,manage_newsletter,"Email preferences live under Account > Communications, and every newsletter carries a one-click unsubscribe link."
BM,hi help me create a new profile,ACCOUNT,create_account,Create an account from Sign Up with an email address; you will receive a verification link to activate it.
B,"i need help, i want a refund for order {{Order Number}} asap",REFUND,get_refund,Refunds are issued to the original payment method within 5-7 business days of the returned item being received.
B,i forgot my password asap,ACCOUNT,recover_password,Use Forgot Password on the sign-in page; the reset link is valid for 30 minutes and may land in spam.
B,please password reset email not arriving,ACCOUNT,recover_password,Use Forgot Password on the sign-in page; the reset link is valid for 30 minutes and may land in spam.
BL,hi when will my refund of {{Refund Amount}} arrive,REFUND,get_refund,Refunds are issued to the original payment method within 5-7 business days of the returned item being received.
BQ,hi my payment failed thanks,PAYMENT,payment_issue,Failed payments are usually an issuer block or an address mismatch; retry with a different method or contact your bank.
BM,"hello, cancel my recent purchase please",ORDER,cancel_order,Orders can be cancelled from Orders > Cancel within 60 minutes of purchase; after that contact support for a return.
BL,how do i get my money back,REFUND,get_refund,Refunds are issued to the original payment method within 5-7 business days of the returned item being received.
BM,when will my order arrive asap,DELIVERY,delivery_options,"Standard delivery is 3-5 business days, express is next business day; options and costs are shown at checkout."
B,"i need help, how do i get my money back thanks",REFUND,get_refund,Refunds are issued to the original payment method within 5-7 business days of the returned item being received.
BL,"hello, i need to recover access to my account thanks",ACCOUNT,recover_password,Use Forgot Password on the sign-in page; the reset link is valid for 30 minutes and may land in spam.
BM,"i need help, i was charged twice for order {{Order Number}}?",PAYMENT,payment_issue,Failed payments are usually an issuer block or an address mismatch; retry with a different method or contact your bank.
BM,hi my payment failed?,PAYMENT,payment_issue,Failed payments are usually an issuer block or an address mismatch; retry with a different method or contact your bank.
BL,please double charge on my account,PAYMENT,payment_issue,Failed payments are usually an issuer block or an address mismatch; retry with a different method or contact your bank.
BL,hi i forgot my password,ACCOUNT,recover_password,Use Forgot Password on the sign-in page; the reset link is valid for 30 minutes and may land in spam.
BL,"hello, how do i reset my password!",ACCOUNT,recover_password,Use Forgot Password on the sign-in page; the reset link is valid for 30 minutes and may land in spam.
BQ,i want to call off order {{Order Number}}!,ORDER,cancel_order,Orders can be cancelled from Orders > Cancel within 60 minutes of purchase; after that contact support for a return.
BQ,"i need help, cannot log into my account!",ACCOUNT,recover_password,Use Forgot Password on the sign-in page; the reset link is valid for 30 minutes and may land in spam.
BM,"hello, when will my order arrive!",DELIVERY,delivery_options,"Standard delivery is 3-5 business days, express is next business day; options and costs are shown at checkout."
BL,hey there i was charged but never received the item?,REFUND,get_refund,Refunds are issued to the original payment method within 5-7 business days of the returned item being received.
B,"hello, my payment failed please",PAYMENT,payment_issue,Failed payments are usually an issuer block or an address mismatch; retry with a different method or contact your bank.
BL,hey there how do i get my money back?,REFUND,get_refund,Refunds are issued to the original payment method within 5-7 business days of the returned item being received.
BM,hi problem paying with my credit card please,PAYMENT,payment_issue,Failed payments are usually an issuer block or an address mismatch; retry with a different method or contact your bank.
B,hi i want to check the status of order {{Order Number}}!,ORDER,track_order,You can track your order in the Orders section of your account; a live tracking link is also emailed at dispatch.
BQ,"i need help, can you tell me where my package is please",ORDER,track_order,You can track your order in the Orders section of your account; a live tracking link is also emailed at dispatch.
B,i want a refund for order {{Order Number}}?,REFUND,get_refund,Refunds are issued to the original payment method within 5-7 business days of the returned item being received.
BL,"i need help, i need to cancel order {{Order Number}} thanks",ORDER,cancel_order,Orders can be cancelled from Orders > Cancel within 60 minutes of purchase; after that contact support for a return.
BM,"i need help, password reset email not arriving?",ACCOUNT,recover_password,Use Forgot Password on the sign-in page; the reset link is valid for 30 minutes and may land in spam.
BQ,hey there locked out of my profile?,ACCOUNT,recover_password,Use Forgot Password on the sign-in page; the reset link is valid for 30 minutes and may land in spam.
BQ,"hello, how much is express delivery?",DELIVERY,delivery_options,"Standard delivery is 3-5 business days, express is next business day; options and costs are shown at checkout."
BM,"hello, status of my delivery please?",ORDER,track_order,You can track your order in the Orders section of your account; a live tracking link is also emailed at dispatch.
BQ,"hello, do you deliver to {{Delivery City}} thanks",DELIVERY,delivery_options,"Standard delivery is 3-5 business days, express is next business day; options and costs are shown at checkout."
BQ,hey there password reset email not arriving!,ACCOUNT,recover_password,Use Forgot Password on the sign-in page; the reset link is valid for 30 minutes and may land in spam.
BM,hi when will my order arrive asap,DELIVERY,delivery_options,"Standard delivery is 3-5 business days, express is next business day; options and costs are shown at checkout."
B,please i want to call off order {{Order Number}} thanks,ORDER,cancel_order,Orders can be cancelled from Orders > Cancel within 60 minutes of purchase; after that contact support for a return.
BM,hey there i want to opt out of emails,SUBSCRIPTION,manage_newsletter,"Email preferences live under Account > Communications, and every newsletter carries a one-click unsubscribe link."
BL,"i need help, cancel my recent purchase!",ORDER,cancel_order,Orders can be cancelled from Orders > Cancel within 60 minutes of purchase; after that contact support for a return.
BQ,please unsubscribe me from the newsletter?,SUBSCRIPTION,manage_newsletter,"Email preferences live under Account > Communications, and every newsletter carries a one-click unsubscribe link."
BM,why is my payment not going through please,PAYMENT,payment_issue,Failed payments are usually an issuer block or an address mismatch; retry with a different method or contact your bank.
B,status of my delivery please please,ORDER,track_order,You can track your order in the Orders section of your account; a live tracking link is also emailed at dispatch.
BQ,hey there password reset email not arriving thanks,ACCOUNT,recover_password,Use Forgot Password on the sign-in page; the reset link is valid for 30 minutes and may land in spam.
BQ,hey there do you deliver to {{Delivery City}}!,DELIVERY,delivery_options,"Standard delivery is 3-5 business days, express is next business day; options and costs are shown at checkout."
BL,hey there do you deliver to {{Delivery City}} please,DELIVERY,delivery_options,"Standard delivery is 3-5 business days, express is next business day; options and costs are shown at checkout."
B,"i need help, refund status please",REFUND,get_refund,Refunds are issued to the original payment method within 5-7 business days of the returned item being received.
BM,hi locked out of my profile please,ACCOUNT,recover_password,Use Forgot Password on the sign-in page; the reset link is valid for 30 minutes and may land in spam.
BL,"i need help, how do i get my money back!",REFUND,get_refund,Refunds are issued to the original payment method within 5-7 business days of the returned item being received.
BQ,hey there sign me up for an account please,ACCOUNT,create_account,Create an account from Sign Up with an email address; you will receive a verification link to activate it.
BQ,i want to check the status of order {{Order Number}} asap,ORDER,track_order,You can track your order in the Orders section of your account; a live tracking link is also emailed at dispatch.
BM,is next day shipping available?,DELIVERY,delivery_options,"Standard delivery is 3-5 business days, express is next business day; options and costs are shown at checkout."
BQ,hey there where is my order {{Order Number}} thanks,ORDER,track_order,You can track your order in the Orders section of your account; a live tracking link is also emailed at dispatch.
B,hi cancel my recent purchase,ORDER,cancel_order,Orders can be cancelled from Orders > Cancel within 60 minutes of purchase; after that contact support for a return.
BQ,please stop sending me marketing emails,SUBSCRIPTION,manage_newsletter,"Email preferences live under Account > Communications, and every newsletter carries a one-click unsubscribe link."
BQ,"i need help, what shipping options do you offer",DELIVERY,delivery_options,"Standard delivery is 3-5 business days, express is next business day; options and costs are shown at checkout."
BQ,double charge on my account asap,PAYMENT,payment_issue,Failed payments are usually an issuer block or an address mismatch; retry with a different method or contact your bank.
BL,"hello, i want to open an account please",ACCOUNT,create_account,Create an account from Sign Up with an email address; you will receive a verification link to activate it.
B,"i need help, double charge on my account",PAYMENT,payment_issue,Failed payments are usually an issuer block or an address mismatch; retry with a different method or contact your bank.
B,hey there how do i register,ACCOUNT,create_account,Create an account from Sign Up with an email address; you will receive a verification link to activate it.
B,please where is my order {{Order Number}}?,ORDER,track_order,You can track your order in the Orders section of your account; a live tracking link is also emailed at dispatch.
BM,stop sending me marketing emails,SUBSCRIPTION,manage_newsletter,"Email preferences live under Account > Communications, and every newsletter carries a one-click unsubscribe link."
BQ,"i need help, i need to cancel order {{Order Number}}!",ORDER,cancel_order,Orders can be cancelled from Orders > Cancel within 60 minutes of purchase; after that contact support for a return.
BM,hi has my parcel shipped yet thanks,ORDER,track_order,You can track your order in the Orders section of your account; a live tracking link is also emailed at dispatch.
B,hey there where is my order {{Order Number}},ORDER,track_order,You can track your order in the Orders section of your account; a live tracking link is also emailed at dispatch.
BM,hi status of my delivery please?,ORDER,track_order,You can track your order in the Orders section of your account; a live tracking link is also emailed at dispatch.
BM,what do i need to open an account?,ACCOUNT,create_account,Create an account from Sign Up with an email address; you will receive a verification link to activate it.
BM,"hello, double charge on my account thanks",PAYMENT,payment_issue,Failed payments are usually an issuer block or an address mismatch; retry with a different method or contact your bank.
BQ,hey there the card was declined at checkout please,PAYMENT,payment_issue,Failed payments are usually an issuer block or an address mismatch; retry with a different method or contact your bank.
BQ,hi i need to recover access to my account!,ACCOUNT,recover_password,Use Forgot Password on the sign-in page; the reset link is valid for 30 minutes and may land in spam.
BL,cancel my recent purchase!,ORDER,cancel_order,Orders can be cancelled from Orders > Cancel within 60 minutes of purchase; after that contact support for a return.
BQ,please track order {{Order Number}} please,ORDER,track_order,You can track your order in the Orders section of your account; a live tracking link is also emailed at dispatch.
BM,"i need help, i want a refund for order {{Order Number}} asap",REFUND,get_refund,Refunds are issued to the original payment method within 5-7 business days of the returned item being received.
B,please i want to open an account asap,ACCOUNT,create_account,Create an account from Sign Up with an email address; you will receive a verification link to activate it.
BQ,hi i want to open an account?,ACCOUNT,create_account,Create an account from Sign Up with an email address; you will receive a verification link to activate it.
BL,please where is my order {{Order Number}}!,ORDER,track_order,You can track your order in the Orders section of your account; a live tracking link is also emailed at dispatch.
B,"hello, how do i get my money back asap",REFUND,get_refund,Refunds are issued to the original payment method within 5-7 business days of the returned item being received.
B,too many promotional emails,SUBSCRIPTION,manage_newsletter,"Email preferences live under Account > Communications, and every newsletter carries a one-click unsubscribe link."
B,hi i want a refund for order {{Order Number}}?,REFUND,get_refund,Refunds are issued to the original payment method within 5-7 business days of the returned item being received.
B,hey there password reset email not arriving?,ACCOUNT,recover_password,Use Forgot Password on the sign-in page; the reset link is valid for 30 minutes and may land in spam.
B,hi how do i reset my password please,ACCOUNT,recover_password,Use Forgot Password on the sign-in page; the reset link is valid for 30 minutes and may land in spam.
BQ,do you deliver to {{Delivery City}} please,DELIVERY,delivery_options,"Standard delivery is 3-5 business days, express is next business day; options and costs are shown at checkout."
BL,i want to check the status of order {{Order Number}} thanks,ORDER,track_order,You can track your order in the Orders section of your account; a live tracking link is also emailed at dispatch.
BM,hey there how do i register!,ACCOUNT,create_account,Create an account from Sign Up with an email address; you will receive a verification link to activate it.
B,please delivery times to my area?,DELIVERY,delivery_options,"Standard delivery is 3-5 business days, express is next business day; options and costs are shown at checkout."
B,"i need help, i want to opt out of emails thanks",SUBSCRIPTION,manage_newsletter,"Email preferences live under Account > Communications, and every newsletter carries a one-click unsubscribe link."
BM,i need to cancel order {{Order Number}} thanks,ORDER,cancel_order,Orders can be cancelled from Orders > Cancel within 60 minutes of purchase; after that contact support for a return.
BL,"hello, change my email preferences",SUBSCRIPTION,manage_newsletter,"Email preferences live under Account > Communications, and every newsletter carries a one-click unsubscribe link."
BM,"hello, please cancel the purchase i just made asap",ORDER,cancel_order,Orders can be cancelled from Orders > Cancel within 60 minutes of purchase; after that contact support for a return.
BQ,"i need help, locked out of my profile",ACCOUNT,recover_password,Use Forgot Password on the sign-in page; the reset link is valid for 30 minutes and may land in spam.
B,please stop sending me marketing emails asap,SUBSCRIPTION,manage_newsletter,"Email preferences live under Account > Communications, and every newsletter carries a one-click unsubscribe link."
BL,hey there change my email preferences?,SUBSCRIPTION,manage_newsletter,"Email preferences live under Account > Communications, and every newsletter carries a one-click unsubscribe link."
BM,my payment failed!,PAYMENT,payment_issue,Failed payments are usually an issuer block or an address mismatch; retry with a different method or contact your bank.
BL,hey there locked out of my profile asap,ACCOUNT,recover_password,Use Forgot Password on the sign-in page; the reset link is valid for 30 minutes and may land in spam.
BQ,hey there what do i need to open an account thanks,ACCOUNT,create_account,Create an account from Sign Up with an email address; you will receive a verification link to activate it.
B,hi i was charged twice for order {{Order Number}} asap,PAYMENT,payment_issue,Failed payments are usually an issuer block or an address mismatch; retry with a different method or contact your bank.
BL,"i need help, change my email preferences",SUBSCRIPTION,manage_newsletter,"Email preferences live under Account > Communications, and every newsletter carries a one-click unsubscribe link."
BQ,"hello, how do i get my money back!",REFUND,get_refund,Refunds are issued to the original payment method within 5-7 business days of the returned item being received.
BL,"hello, status of my delivery please!",ORDER,track_order,You can track your order in the Orders section of your account; a live tracking link is also emailed at dispatch.
B,"i need help, i want a refund for order {{Order Number}} please",REFUND,get_refund,Refunds are issued to the original payment method within 5-7 business days of the returned item being received.
BL,hi has my parcel shipped yet asap,ORDER,track_order,You can track your order in the Orders section of your account; a live tracking link is also emailed at dispatch.
B,please can i stop my order from shipping please,ORDER,cancel_order,Orders can be cancelled from Orders > Cancel within 60 minutes of purchase; after that contact support for a return.
BM,cannot log into my account!,ACCOUNT,recover_password,Use Forgot Password on the sign-in page; the reset link is valid for 30 minutes and may land in spam.
BQ,"i need help, stop sending me marketing emails thanks",SUBSCRIPTION,manage_newsletter,"Email preferences live under Account > Communications, and every newsletter carries a one-click unsubscribe link."
B,"i need help, how do i reset my password?",ACCOUNT,recover_password,Use Forgot Password on the sign-in page; the reset link is valid for 30 minutes and may land in spam.
B,hi requesting reimbursement for my purchase thanks,REFUND,get_refund,Refunds are issued to the original payment method within 5-7 business days of the returned item being received.
BL,"hello, i want to call off order {{Order Number}}",ORDER,cancel_order,Orders can be cancelled from Orders > Cancel within 60 minutes of purchase; after that contact support for a return.
BQ,"i need help, how do i cancel my order asap",ORDER,cancel_order,Orders can be cancelled from Orders > Cancel within 60 minutes of purchase; after that contact support for a return.
B,"hello, i was charged twice for order {{Order Number}}?",PAYMENT,payment_issue,Failed payments are usually an issuer block or an address mismatch; retry with a different method or contact your bank.
BQ,"i need help, how do i subscribe to your newsletter thanks",SUBSCRIPTION,manage_newsletter,"Email preferences live under Account > Communications, and every newsletter carries a one-click unsubscribe link."
BQ,hey there what do i need to open an account thanks,ACCOUNT,create_account,Create an account from Sign Up with an email address; you will receive a verification link to activate it.
B,hi how much is express delivery,DELIVERY,delivery_options,"Standard delivery is 3-5 business days, express is next business day; options and costs are shown at checkout."
B,hi i want to open an account asap,ACCOUNT,create_account,Create an account from Sign Up with an email address; you will receive a verification link to activate it.
BM,registration help asap,ACCOUNT,create_account,Create an account from Sign Up with an email address; you will receive a verification link to activate it.
BQ,"hello, when will my refund of {{Refund Amount}} arrive?",REFUND,get_refund,Refunds are issued to the original payment method within 5-7 business days of the returned item being received.
BL,"hello, where is my order {{Order Number}} thanks",ORDER,track_order,You can track your order in the Orders section of your account; a live tracking link is also emailed at dispatch.
BL,i want to open an account asap,ACCOUNT,create_account,Create an account from Sign Up with an email address; you will receive a verification link to activate it.
BL,"hello, too many promotional emails asap",SUBSCRIPTION,manage_newsletter,"Email preferences live under Account > Communications, and every newsletter carries a one-click unsubscribe link."
BL,"i need help, my payment failed?",PAYMENT,payment_issue,Failed payments are usually an issuer block or an address mismatch; retry with a different method or contact your bank.
BM,"i need help, my payment failed",PAYMENT,payment_issue,Failed payments are usually an issuer block or an address mismatch; retry with a different method or contact your bank.
BM,"hello, too many promotional emails asap",SUBSCRIPTION,manage_newsletter,"Email preferences live under Account > Communications, and every newsletter carries a one-click unsubscribe link."
B,please i want to opt out of emails please,SUBSCRIPTION,manage_newsletter,"Email preferences live under Account > Communications, and every newsletter carries a one-click unsubscribe link."
BQ,sign me up for an account please,ACCOUNT,create_account,Create an account from Sign Up with an email address; you will receive a verification link to activate it.
BQ,hi how much is express delivery!,DELIVERY,delivery_options,"Standard delivery is 3-5 business days, express is next business day; options and costs are shown at checkout."
B,please i want a refund for order {{Order Number}} thanks,REFUND,get_refund,Refunds are issued to the original payment method within 5-7 business days of the returned item being received.
BQ,"hello, i was charged twice for order {{Order Number}}?",PAYMENT,payment_issue,Failed payments are usually an issuer block or an address mismatch; retry with a different method or contact your bank.
BQ,how do i get my money back,REFUND,get_refund,Refunds are issued to the original payment method within 5-7 business days of the returned item being received.
BQ,hi when will my order arrive,DELIVERY,delivery_options,"Standard delivery is 3-5 business days, express is next business day; options and costs are shown at checkout."
B,how do i subscribe to your newsletter?,SUBSCRIPTION,manage_newsletter,"Email preferences live under Account > Communications, and every newsletter carries a one-click unsubscribe link."
BQ,how do i register thanks,ACCOUNT,create_account,Create an account from Sign Up with an email address; you will receive a verification link to activate it.
B,i want to call off order {{Order Number}} please,ORDER,cancel_order,Orders can be cancelled from Orders > Cancel within 60 minutes of purchase; after that contact support for a return.
B,i want to opt out of emails asap,SUBSCRIPTION,manage_newsletter,"Email preferences live under Account > Communications, and every newsletter carries a one-click unsubscribe link."
BQ,"hello, can you tell me where my package is asap",ORDER,track_order,You can track your order in the Orders section of your account; a live tracking link is also emailed at dispatch.
B,hey there when will my refund of {{Refund Amount}} arrive?,REFUND,get_refund,Refunds are issued to the original payment method within 5-7 business days of the returned item being received.
B,the card was declined at checkout,PAYMENT,payment_issue,Failed payments are usually an issuer block or an address mismatch; retry with a different method or contact your bank.
B,hi unsubscribe me from the newsletter asap,SUBSCRIPTION,manage_newsletter,"Email preferences live under Account > Communications, and every newsletter carries a one-click unsubscribe link."
BL,hi how do i subscribe to your newsletter asap,SUBSCRIPTION,manage_newsletter,"Email preferences live under Account > Communications, and every newsletter carries a one-click unsubscribe link."
BQ,please how do i register!,ACCOUNT,create_account,Create an account from Sign Up with an email address; you will receive a verification link to activate it.
BQ,hey there can i stop my order from shipping please,ORDER,cancel_order,Orders can be cancelled from Orders > Cancel within 60 minutes of purchase; after that contact support for a return.
BM,hey there how do i subscribe to your newsletter asap,SUBSCRIPTION,manage_newsletter,"Email preferences live under Account > Communications, and every newsletter carries a one-click unsubscribe link."
BM,please requesting reimbursement for my purchase asap,REFUND,get_refund,Refunds are issued to the original payment method within 5-7 business days of the returned item being received.
B,hi track order {{Order Number}} thanks,ORDER,track_order,You can track your order in the Orders section of your account; a live tracking link is also emailed at dispatch.
BL,hi how do i reset my password thanks,ACCOUNT,recover_password,Use Forgot Password on the sign-in page; the reset link is valid for 30 minutes and may land in spam.
BM,please sign me up for an account,ACCOUNT,create_account,Create an account from Sign Up with an email address; you will receive a verification link to activate it.
BL,hey there when will my order arrive asap,DELIVERY,delivery_options,"Standard delivery is 3-5 business days, express is next business day; options and costs are shown at checkout."
B,"hello, sign me up for an account?",ACCOUNT,create_account,Create an account from Sign Up with an email address; you will receive a verification link to activate it.
BQ,please how do i cancel my order!,ORDER,cancel_order,Orders can be cancelled from Orders > Cancel within 60 minutes of purchase; after that contact support for a return.
BL,"hello, i want to open an account please",ACCOUNT,create_account,Create an account from Sign Up with an email address; you will receive a verification link to activate it.
B,"i need help, why is my payment not going through asap",PAYMENT,payment_issue,Failed payments are usually an issuer block or an address mismatch; retry with a different method or contact your bank.
BQ,please what shipping options do you offer thanks,DELIVERY,delivery_options,"Standard delivery is 3-5 business days, express is next business day; options and costs are shown at checkout."
BM,"i need help, i was charged twice for order {{Order Number}} thanks",PAYMENT,payment_issue,Failed payments are usually an issuer block or an address mismatch; retry with a different method or contact your bank.
BL,"i need help, please cancel the purchase i just made!",ORDER,cancel_order,Orders can be cancelled from Orders > Cancel within 60 minutes of purchase; after that contact support for a return.
BQ,hi how do i subscribe to your newsletter!,SUBSCRIPTION,manage_newsletter,"Email preferences live under Account > Communications, and every newsletter carries a one-click unsubscribe link."
BL,"hello, i forgot my password asap",ACCOUNT,recover_password,Use Forgot Password on the sign-in page; the reset link is valid for 30 minutes and may land in spam.
B,please i want to check the status of order {{Order Number}}?,ORDER,track_order,You can track your order in the Orders section of your account; a live tracking link is also emailed at dispatch.
B,"hello, i want to open an account please",ACCOUNT,create_account,Create an account from Sign Up with an email address; you will receive a verification link to activate it.
BM,please problem paying with my credit card!,PAYMENT,payment_issue,Failed payments are usually an issuer block or an address mismatch; retry with a different method or contact your bank.
BQ,"i need help, how do i reset my password!",ACCOUNT,recover_password,Use Forgot Password on the sign-in page; the reset link is valid for 30 minutes and may land in spam.
BQ,"i need help, what shipping options do you offer?",DELIVERY,delivery_options,"Standard delivery is 3-5 business days, express is next business day; options and costs are shown at checkout."
BM,why is my payment not going through please,PAYMENT,payment_issue,Failed payments are usually an issuer block or an address mismatch; retry with a different method or contact your bank.
BM,hi i want to open an account,ACCOUNT,create_account,Create an account from Sign Up with an email address; you will receive a verification link to activate it.
BL,hi too many promotional emails please,SUBSCRIPTION,manage_newsletter,"Email preferences live under Account > Communications, and every newsletter carries a one-click unsubscribe link."
BL,registration help!,ACCOUNT,create_account,Create an account from Sign Up with an email address; you will receive a verification link to activate it.
BQ,please stop sending me marketing emails asap,SUBSCRIPTION,manage_newsletter,"Email preferences live under Account > Communications, and every newsletter carries a one-click unsubscribe link."
BL,please how do i reset my password?,ACCOUNT,recover_password,Use Forgot Password on the sign-in page; the reset link is valid for 30 minutes and may land in spam.
BM,hey there help me create a new profile thanks,ACCOUNT,create_account,Create an account from Sign Up with an email address; you will receive a verification link to activate it.
BL,please i need to recover access to my account?,ACCOUNT,recover_password,Use Forgot Password on the sign-in page; the reset link is valid for 30 minutes and may land in spam.
BQ,"hello, do you deliver to {{Delivery City}} please",DELIVERY,delivery_options,"Standard delivery is 3-5 business days, express is next business day; options and costs are shown at checkout."
B,"i need help, status of my delivery please?",ORDER,track_order,You can track your order in the Orders section of your account; a live tracking link is also emailed at dispatch.
BQ,"hello, i want a refund for order {{Order Number}} please",REFUND,get_refund,Refunds are issued to the original payment method within 5-7 business days of the returned item being received.
BQ,hi how do i cancel my order!,ORDER,cancel_order,Orders can be cancelled from Orders > Cancel within 60 minutes of purchase; after that contact support for a return.
BL,hi how do i get my money back,REFUND,get_refund,Refunds are issued to the original payment method within 5-7 business days of the returned item being received.
BM,hey there why is my payment not going through?,PAYMENT,payment_issue,Failed payments are usually an issuer block or an address mismatch; retry with a different method or contact your bank.
BL,"hello, i forgot my password?",ACCOUNT,recover_password,Use Forgot Password on the sign-in page; the reset link is valid for 30 minutes and may land in spam.
BQ,hey there how do i cancel my order please,ORDER,cancel_order,Orders can be cancelled from Orders > Cancel within 60 minutes of purchase; after that contact support for a return.
BL,hey there when will my refund of {{Refund Amount}} arrive?,REFUND,get_refund,Refunds are issued to the original payment method within 5-7 business days of the returned item being received.
BM,please change my email preferences asap,SUBSCRIPTION,manage_newsletter,"Email preferences live under Account > Communications, and every newsletter carries a one-click unsubscribe link."
BM,"hello, what shipping options do you offer?",DELIVERY,delivery_options,"Standard delivery is 3-5 business days, express is next business day; options and costs are shown at checkout."
B,i forgot my password!,ACCOUNT,recover_password,Use Forgot Password on the sign-in page; the reset link is valid for 30 minutes and may land in spam.
B,"i need help, help me create a new profile!",ACCOUNT,create_account,Create an account from Sign Up with an email address; you will receive a verification link to activate it.
BQ,"i need help, double charge on my account please",PAYMENT,payment_issue,Failed payments are usually an issuer block or an address mismatch; retry with a different method or contact your bank.
BL,hi i want to opt out of emails thanks,SUBSCRIPTION,manage_newsletter,"Email preferences live under Account > Communications, and every newsletter carries a one-click unsubscribe link."
B,please why is my payment not going through please,PAYMENT,payment_issue,Failed payments are usually an issuer block or an address mismatch; retry with a different method or contact your bank.
BQ,hey there when will my order arrive,DELIVERY,delivery_options,"Standard delivery is 3-5 business days, express is next business day; options and costs are shown at checkout."
BM,"i need help, problem paying with my credit card",PAYMENT,payment_issue,Failed payments are usually an issuer block or an address mismatch; retry with a different method or contact your bank.
BM,has my parcel shipped yet?,ORDER,track_order,You can track your order in the Orders section of your account; a live tracking link is also emailed at dispatch.
B,please status of my delivery please?,ORDER,track_order,You can track your order in the Orders section of your account; a live tracking link is also emailed at dispatch.
BL,help me create a new profile please,ACCOUNT,create_account,Create an account from Sign Up with an email address; you will receive a verification link to activate it.
BQ,where is my order {{Order Number}},ORDER,track_order,You can track your order in the Orders section of your account; a live tracking link is also emailed at dispatch.
BQ,hi why is my payment not going through please,PAYMENT,payment_issue,Failed payments are usually an issuer block or an address mismatch; retry with a different method or contact your bank.
BQ,hi can i stop my order from shipping please,ORDER,cancel_order,Orders can be cancelled from Orders > Cancel within 60 minutes of purchase; after that contact support for a return.
BL,please cancel my recent purchase,ORDER,cancel_order,Orders can be cancelled from Orders > Cancel within 60 minutes of purchase; after that contact support for a return.
BL,i was charged but never received the item,REFUND,get_refund,Refunds are issued to the original payment method within 5-7 business days of the returned item being received.
B,hey there what shipping options do you offer asap,DELIVERY,delivery_options,"Standard delivery is 3-5 business days, express is next business day; options and costs are shown at checkout."
BL,please unsubscribe me from the newsletter asap,SUBSCRIPTION,manage_newsletter,"Email preferences live under Account > Communications, and every newsletter carries a one-click unsubscribe link."
BL,"i need help, how do i register",ACCOUNT,create_account,Create an account from Sign Up with an email address; you will receive a verification link to activate it.
BM,hi what do i need to open an account,ACCOUNT,create_account,Create an account from Sign Up with an email address; you will receive a verification link to activate it.
BL,stop sending me marketing emails please,SUBSCRIPTION,manage_newsletter,"Email preferences live under Account > Communications, and every newsletter carries a one-click unsubscribe link."
BL,hi locked out of my profile please,ACCOUNT,recover_password,Use Forgot Password on the sign-in page; the reset link is valid for 30 minutes and may land in spam.
BM,hey there i was charged twice for order {{Order Number}}?,PAYMENT,payment_issue,Failed payments are usually an issuer block or an address mismatch; retry with a different method or contact your bank.
BM,locked out of my profile asap,ACCOUNT,recover_password,Use Forgot Password on the sign-in page; the reset link is valid for 30 minutes and may land in spam.
BM,"hello, locked out of my profile please",ACCOUNT,recover_password,Use Forgot Password on the sign-in page; the reset link is valid for 30 minutes and may land in spam.
BL,"hello, please cancel the purchase i just made thanks",ORDER,cancel_order,Orders can be cancelled from Orders > Cancel within 60 minutes of purchase; after that contact support for a return.
BM,hey there i want to opt out of emails!,SUBSCRIPTION,manage_newsletter,"Email preferences live under Account > Communications, and every newsletter carries a one-click unsubscribe link."
BL,hi stop sending me marketing emails?,SUBSCRIPTION,manage_newsletter,"Email preferences live under Account > Communications, and every newsletter carries a one-click unsubscribe link."
BL,"hello, i want to opt out of emails",SUBSCRIPTION,manage_newsletter,"Email preferences live under Account > Communications, and every newsletter carries a one-click unsubscribe link."
BL,please how do i cancel my order thanks,ORDER,cancel_order,Orders can be cancelled from Orders > Cancel within 60 minutes of purchase; after that contact support for a return.
B,"hello, i need to recover access to my account thanks",ACCOUNT,recover_password,Use Forgot Password on the sign-in page; the reset link is valid for 30 minutes and may land in spam.
BL,hi i want to open an account please,ACCOUNT,create_account,Create an account from Sign Up with an email address; you will receive a verification link to activate it.
BM,hey there how do i subscribe to your newsletter,SUBSCRIPTION,manage_newsletter,"Email preferences live under Account > Communications, and every newsletter carries a one-click unsubscribe link."
B,hi how do i get my money back,REFUND,get_refund,Refunds are issued to the original payment method within 5-7 business days of the returned item being received.
BM,too many promotional emails,SUBSCRIPTION,manage_newsletter,"Email preferences live under Account > Communications, and every newsletter carries a one-click unsubscribe link."
BQ,"hello, is next day shipping available asap",DELIVERY,delivery_options,"Standard delivery is 3-5 business days, express is next business day; options and costs are shown at checkout."
BM,"hello, how do i register",ACCOUNT,create_account,Create an account from Sign Up with an email address; you will receive a verification link to activate it.
BM,hey there password reset email not arriving!,ACCOUNT,recover_password,Use Forgot Password on the sign-in page; the reset link is valid for 30 minutes and may land in spam.
B,"i need help, i want to open an account thanks",ACCOUNT,create_account,Create an account from Sign Up with an email address; you will receive a verification link to activate it.
BL,please refund status please!,REFUND,get_refund,Refunds are issued to the original payment method within 5-7 business days of the returned item being received.
BL,please track order {{Order Number}} thanks,ORDER,track_order,You can track your order in the Orders section of your account; a live tracking link is also emailed at dispatch.
BM,"i need help, what shipping options do you offer asap",DELIVERY,delivery_options,"Standard delivery is 3-5 business days, express is next business day; options and costs are shown at checkout."
B,double charge on my account,PAYMENT,payment_issue,Failed payments are usually an issuer block or an address mismatch; retry with a different method or contact your bank.
BL,"hello, delivery times to my area thanks",DELIVERY,delivery_options,"Standard delivery is 3-5 business days, express is next business day; options and costs are shown at checkout."
BM,"hello, i need to cancel order {{Order Number}}",ORDER,cancel_order,Orders can be cancelled from Orders > Cancel within 60 minutes of purchase; after that contact support for a return.
B,"hello, i want to call off order {{Order Number}} asap",ORDER,cancel_order,Orders can be cancelled from Orders > Cancel within 60 minutes of purchase; after that contact support for a return.
B,how do i register,ACCOUNT,create_account,Create an account from Sign Up with an email address; you will receive a verification link to activate it.
BL,"hello, what shipping options do you offer",DELIVERY,delivery_options,"Standard delivery is 3-5 business days, express is next business day; options and costs are shown at checkout."
BL,"hello, how much is express delivery thanks",DELIVERY,delivery_options,"Standard delivery is 3-5 business days, express is next business day; options and costs are shown at checkout."
BQ,hi can you tell me where my package is!,ORDER,track_order,You can track your order in the Orders section of your account; a live tracking link is also emailed at dispatch.
B,"i need help, where is my order {{Order Number}} please",ORDER,track_order,You can track your order in the Orders section of your account; a live tracking link is also emailed at dispatch.
BM,"hello, too many promotional emails",SUBSCRIPTION,manage_newsletter,"Email preferences live under Account > Communications, and every newsletter carries a one-click unsubscribe link."
BQ,please i want to check the status of order {{Order Number}}?,ORDER,track_order,You can track your order in the Orders section of your account; a live tracking link is also emailed at dispatch.
B,hi i want a refund for order {{Order Number}}!,REFUND,get_refund,Refunds are issued to the original payment method within 5-7 business days of the returned item being received.
BL,hey there when will my order arrive asap,DELIVERY,delivery_options,"Standard delivery is 3-5 business days, express is next business day; options and costs are shown at checkout."
BL,what shipping options do you offer,DELIVERY,delivery_options,"Standard delivery is 3-5 business days, express is next business day; options and costs are shown at checkout."
BL,hey there refund status please please,REFUND,get_refund,Refunds are issued to the original payment method within 5-7 business days of the returned item being received.
BL,"hello, requesting reimbursement for my purchase",REFUND,get_refund,Refunds are issued to the original payment method within 5-7 business days of the returned item being received.
BQ,hey there i want to check the status of order {{Order Number}} thanks,ORDER,track_order,You can track your order in the Orders section of your account; a live tracking link is also emailed at dispatch.
B,hey there stop sending me marketing emails?,SUBSCRIPTION,manage_newsletter,"Email preferences live under Account > Communications, and every newsletter carries a one-click unsubscribe link."
BL,"i need help, double charge on my account please",PAYMENT,payment_issue,Failed payments are usually an issuer block or an address mismatch; retry with a different method or contact your bank.
B,hey there requesting reimbursement for my purchase,REFUND,get_refund,Refunds are issued to the original payment method within 5-7 business days of the returned item being received.
BL,"hello, i want to call off order {{Order Number}}!",ORDER,cancel_order,Orders can be cancelled from Orders > Cancel within 60 minutes of purchase; after that contact support for a return.
BQ,please i want to check the status of order {{Order Number}} please,ORDER,track_order,You can track your order in the Orders section of your account; a live tracking link is also emailed at dispatch.
BM,hey there can i stop my order from shipping?,ORDER,cancel_order,Orders can be cancelled from Orders > Cancel within 60 minutes of purchase; after that contact support for a return.
B,"i need help, status of my delivery please please",ORDER,track_order,You can track your order in the Orders section of your account; a live tracking link is also emailed at dispatch.
BM,please unsubscribe me from the newsletter please,SUBSCRIPTION,manage_newsletter,"Email preferences live under Account > Communications, and every newsletter carries a one-click unsubscribe link."
BQ,"i need help, what do i need to open an account asap",ACCOUNT,create_account,Create an account from Sign Up with an email address; you will receive a verification link to activate it.
B,help me create a new profile?,ACCOUNT,create_account,Create an account from Sign Up with an email address; you will receive a verification link to activate it.
B,please i need to recover access to my account,ACCOUNT,recover_password,Use Forgot Password on the sign-in page; the reset link is valid for 30 minutes and may land in spam.
BQ,please registration help?,ACCOUNT,create_account,Create an account from Sign Up with an email address; you will receive a verification link to activate it.
BM,"i need help, too many promotional emails asap",SUBSCRIPTION,manage_newsletter,"Email preferences live under Account > Communications, and every newsletter carries a one-click unsubscribe link."
B,"i need help, i want a refund for order {{Order Number}} asap",REFUND,get_refund,Refunds are issued to the original payment method within 5-7 business days of the returned item being received.
B,please i need to recover access to my account asap,ACCOUNT,recover_password,Use Forgot Password on the sign-in page; the reset link is valid for 30 minutes and may land in spam.
BM,hi problem paying with my credit card!,PAYMENT,payment_issue,Failed payments are usually an issuer block or an address mismatch; retry with a different method or contact your bank.
B,"hello, i was charged twice for order {{Order Number}} asap",PAYMENT,payment_issue,Failed payments are usually an issuer block or an address mismatch; retry with a different method or contact your bank.
B,"hello, why is my payment not going through?",PAYMENT,payment_issue,Failed payments are usually an issuer block or an address mismatch; retry with a different method or contact your bank.
BQ,"i need help, password reset email not arriving please",ACCOUNT,recover_password,Use Forgot Password on the sign-in page; the reset link is valid for 30 minutes and may land in spam.
B,please i need to recover access to my account please,ACCOUNT,recover_password,Use Forgot Password on the sign-in page; the reset link is valid for 30 minutes and may land in spam.
B,"hello, delivery times to my area please",DELIVERY,delivery_options,"Standard delivery is 3-5 business days, express is next business day; options and costs are shown at checkout."
BM,"i need help, refund status please asap",REFUND,get_refund,Refunds are issued to the original payment method within 5-7 business days of the returned item being received.
BL,hey there is next day shipping available thanks,DELIVERY,delivery_options,"Standard delivery is 3-5 business days, express is next business day; options and costs are shown at checkout."
BQ,hi what shipping options do you offer please,DELIVERY,delivery_options,"Standard delivery is 3-5 business days, express is next business day; options and costs are shown at checkout."
BQ,hey there too many promotional emails please,SUBSCRIPTION,manage_newsletter,"Email preferences live under Account > Communications, and every newsletter carries a one-click unsubscribe link."
BM,"i need help, when will my order arrive asap",DELIVERY,delivery_options,"Standard delivery is 3-5 business days, express is next business day; options and costs are shown at checkout."
BQ,i was charged twice for order {{Order Number}}!,PAYMENT,payment_issue,Failed payments are usually an issuer block or an address mismatch; retry with a different method or contact your bank.
BQ,hey there track order {{Order Number}}!,ORDER,track_order,You can track your order in the Orders section of your account; a live tracking link is also emailed at dispatch.
B,double charge on my account,PAYMENT,payment_issue,Failed payments are usually an issuer block or an address mismatch; retry with a different method or contact your bank.
BL,can i stop my order from shipping!,ORDER,cancel_order,Orders can be cancelled from Orders > Cancel within 60 minutes of purchase; after that contact support for a return.
BQ,"i need help, how much is express delivery thanks",DELIVERY,delivery_options,"Standard delivery is 3-5 business days, express is next business day; options and costs are shown at checkout."
BQ,please delivery times to my area thanks,DELIVERY,delivery_options,"Standard delivery is 3-5 business days, express is next business day; options and costs are shown at checkout."
BL,hi change my email preferences thanks,SUBSCRIPTION,manage_newsletter,"Email preferences live under Account > Communications, and every newsletter carries a one-click unsubscribe link."
BM,"hello, i need to cancel order {{Order Number}}!",ORDER,cancel_order,Orders can be cancelled from Orders > Cancel within 60 minutes of purchase; after that contact support for a return.
BM,please too many promotional emails,SUBSCRIPTION,manage_newsletter,"Email preferences live under Account > Communications, and every newsletter carries a one-click unsubscribe link."
BL,"i need help, what do i need to open an account asap",ACCOUNT,create_account,Create an account from Sign Up with an email address; you will receive a verification link to activate it.
BQ,please can you tell me where my package is,ORDER,track_order,You can track your order in the Orders section of your account; a live tracking link is also emailed at dispatch.
BM,hey there i want to opt out of emails,SUBSCRIPTION,manage_newsletter,"Email preferences live under Account > Communications, and every newsletter carries a one-click unsubscribe link."
B,hi problem paying with my credit card asap,PAYMENT,payment_issue,Failed payments are usually an issuer block or an address mismatch; retry with a different method or contact your bank.
BQ,i need to cancel order {{Order Number}} please,ORDER,cancel_order,Orders can be cancelled from Orders > Cancel within 60 minutes of purchase; after that contact support for a return.
BM,"hello, i was charged but never received the item!",REFUND,get_refund,Refunds are issued to the original payment method within 5-7 business days of the returned item being received.
BM,please can i stop my order from shipping,ORDER,cancel_order,Orders can be cancelled from Orders > Cancel within 60 minutes of purchase; after that contact support for a return.
BQ,please track order {{Order Number}}!,ORDER,track_order,You can track your order in the Orders section of your account; a live tracking link is also emailed at dispatch.
BQ,requesting reimbursement for my purchase,REFUND,get_refund,Refunds are issued to the original payment method within 5-7 business days of the returned item being received.
B,"i need help, stop sending me marketing emails asap",SUBSCRIPTION,manage_newsletter,"Email preferences live under Account > Communications, and every newsletter carries a one-click unsubscribe link."
BL,i want to opt out of emails!,SUBSCRIPTION,manage_newsletter,"Email preferences live under Account > Communications, and every newsletter carries a one-click unsubscribe link."
BL,hey there i want a refund for order {{Order Number}}!,REFUND,get_refund,Refunds are issued to the original payment method within 5-7 business days of the returned item being received.
B,please double charge on my account!,PAYMENT,payment_issue,Failed payments are usually an issuer block or an address mismatch; retry with a different method or contact your bank.
BL,hi what do i need to open an account,ACCOUNT,create_account,Create an account from Sign Up with an email address; you will receive a verification link to activate it.
BL,hi help me create a new profile?,ACCOUNT,create_account,Create an account from Sign Up with an email address; you will receive a verification link to activate it.
BQ,"hello, i forgot my password thanks",ACCOUNT,recover_password,Use Forgot Password on the sign-in page; the reset link is valid for 30 minutes and may land in spam.
BQ,has my parcel shipped yet!,ORDER,track_order,You can track your order in the Orders section of your account; a live tracking link is also emailed at dispatch.
BL,hi delivery times to my area!,DELIVERY,delivery_options,"Standard delivery is 3-5 business days, express is next business day; options and costs are shown at checkout."
BL,hey there what do i need to open an account please,ACCOUNT,create_account,Create an account from Sign Up with an email address; you will receive a verification link to activate it.
B,please can i stop my order from shipping please,ORDER,cancel_order,Orders can be cancelled from Orders > Cancel within 60 minutes of purchase; after that contact support for a return.
BQ,please is next day shipping available,DELIVERY,delivery_options,"Standard delivery is 3-5 business days, express is next business day; options and costs are shown at checkout."
BQ,hey there how do i cancel my order!,ORDER,cancel_order,Orders can be cancelled from Orders > Cancel within 60 minutes of purchase; after that contact support for a return.
B,when will my refund of {{Refund Amount}} arrive?,REFUND,get_refund,Refunds are issued to the original payment method within 5-7 business days of the returned item being received.
B,hey there track order {{Order Number}},ORDER,track_order,You can track your order in the Orders section of your account; a live tracking link is also emailed at dispatch.
B,"i need help, i forgot my password please",ACCOUNT,recover_password,Use Forgot Password on the sign-in page; the reset link is valid for 30 minutes and may land in spam.
BQ,hey there why is my payment not going through please,PAYMENT,payment_issue,Failed payments are usually an issuer block or an address mismatch; retry with a different method or contact your bank.
BM,"hello, please cancel the purchase i just made thanks",ORDER,cancel_order,Orders can be cancelled from Orders > Cancel within 60 minutes of purchase; after that contact support for a return.
BL,cancel my recent purchase please,ORDER,cancel_order,Orders can be cancelled from Orders > Cancel within 60 minutes of purchase; after that contact support for a return.
BL,hi password reset email not arriving please,ACCOUNT,recover_password,Use Forgot Password on the sign-in page; the reset link is valid for 30 minutes and may land in spam.
BM,please stop sending me marketing emails please,SUBSCRIPTION,manage_newsletter,"Email preferences live under Account > Communications, and every newsletter carries a one-click unsubscribe link."
BQ,hey there has my parcel shipped yet,ORDER,track_order,You can track your order in the Orders section of your account; a live tracking link is also emailed at dispatch.
BQ,hi can you tell me where my package is please,ORDER,track_order,You can track your order in the Orders section of your account; a live tracking link is also emailed at dispatch.
BL,"hello, i want to open an account asap",ACCOUNT,create_account,Create an account from Sign Up with an email address; you will receive a verification link to activate it.
BQ,"i need help, i want a refund for order {{Order Number}} please",REFUND,get_refund,Refunds are issued to the original payment method within 5-7 business days of the returned item being received.
B,hey there registration help,ACCOUNT,create_account,Create an account from Sign Up with an email address; you will receive a verification link to activate it.
BL,hi i forgot my password please,ACCOUNT,recover_password,Use Forgot Password on the sign-in page; the reset link is valid for 30 minutes and may land in spam.
B,what shipping options do you offer asap,DELIVERY,delivery_options,"Standard delivery is 3-5 business days, express is next business day; options and costs are shown at checkout."
BL,"hello, unsubscribe me from the newsletter please",SUBSCRIPTION,manage_newsletter,"Email preferences live under Account > Communications, and every newsletter carries a one-click unsubscribe link."
BL,"i need help, delivery times to my area?",DELIVERY,delivery_options,"Standard delivery is 3-5 business days, express is next business day; options and costs are shown at checkout."
BQ,"hello, i need to cancel order {{Order Number}} thanks",ORDER,cancel_order,Orders can be cancelled from Orders > Cancel within 60 minutes of purchase; after that contact support for a return.
BQ,"i need help, how do i register!",ACCOUNT,create_account,Create an account from Sign Up with an email address; you will receive a verification link to activate it.
BL,hi i was charged but never received the item?,REFUND,get_refund,Refunds are issued to the original payment method within 5-7 business days of the returned item being received.
B,"i need help, why is my payment not going through thanks",PAYMENT,payment_issue,Failed payments are usually an issuer block or an address mismatch; retry with a different method or contact your bank.
BM,please please cancel the purchase i just made!,ORDER,cancel_order,Orders can be cancelled from Orders > Cancel within 60 minutes of purchase; after that contact support for a return.
BQ,"i need help, please cancel the purchase i just made asap",ORDER,cancel_order,Orders can be cancelled from Orders > Cancel within 60 minutes of purchase; after that contact support for a return.
B,"i need help, i need to cancel order {{Order Number}} please",ORDER,cancel_order,Orders can be cancelled from Orders > Cancel within 60 minutes of purchase; after that contact support for a return.
BM,"i need help, has my parcel shipped yet thanks",ORDER,track_order,You can track your order in the Orders section of your account; a live tracking link is also emailed at dispatch.
BQ,hi my payment failed!,PAYMENT,payment_issue,Failed payments are usually an issuer block or an address mismatch; retry with a different method or contact your bank.
B,"i need help, is next day shipping available?",DELIVERY,delivery_options,"Standard delivery is 3-5 business days, express is next business day; options and costs are shown at checkout."
B,please i forgot my password?,ACCOUNT,recover_password,Use Forgot Password on the sign-in page; the reset link is valid for 30 minutes and may land in spam.
BL,"hello, i need to cancel order {{Order Number}} thanks",ORDER,cancel_order,Orders can be cancelled from Orders > Cancel within 60 minutes of purchase; after that contact support for a return.
BQ,hi how do i cancel my order asap,ORDER,cancel_order,Orders can be cancelled from Orders > Cancel within 60 minutes of purchase; after that contact support for a return.
BM,"i need help, sign me up for an account",ACCOUNT,create_account,Create an account from Sign Up with an email address; you will receive a verification link to activate it.
B,how do i register!,ACCOUNT,create_account,Create an account from Sign Up with an email address; you will receive a verification link to activate it.
BL,hi i need to cancel order {{Order Number}} please,ORDER,cancel_order,Orders can be cancelled from Orders > Cancel within 60 minutes of purchase; after that contact support for a return.
BL,hey there too many promotional emails?,SUBSCRIPTION,manage_newsletter,"Email preferences live under Account > Communications, and every newsletter carries a one-click unsubscribe link."
BM,hey there can you tell me where my package is asap,ORDER,track_order,You can track your order in the Orders section of your account; a live tracking link is also emailed at dispatch.
B,"hello, registration help asap",ACCOUNT,create_account,Create an account from Sign Up with an email address; you will receive a verification link to activate it.
BM,please i want to check the status of order {{Order Number}} thanks,ORDER,track_order,You can track your order in the Orders section of your account; a live tracking link is also emailed at dispatch.
BL,hey there when will my order arrive!,DELIVERY,delivery_options,"Standard delivery is 3-5 business days, express is next business day; options and costs are shown at checkout."
B,please i need to recover access to my account asap,ACCOUNT,recover_password,Use Forgot Password on the sign-in page; the reset link is valid for 30 minutes and may land in spam.
BM,please change my email preferences thanks,SUBSCRIPTION,manage_newsletter,"Email preferences live under Account > Communications, and every newsletter carries a one-click unsubscribe link."
B,hey there i want to check the status of order {{Order Number}},ORDER,track_order,You can track your order in the Orders section of your account; a live tracking link is also emailed at dispatch.
BM,"hello, how do i cancel my order please",ORDER,cancel_order,Orders can be cancelled from Orders > Cancel within 60 minutes of purchase; after that contact support for a return.
BL,"i need help, i want a refund for order {{Order Number}}?",REFUND,get_refund,Refunds are issued to the original payment method within 5-7 business days of the returned item being received.
BL,problem paying with my credit card asap,PAYMENT,payment_issue,Failed payments are usually an issuer block or an address mismatch; retry with a different method or contact your bank.
BL,please my payment failed asap,PAYMENT,payment_issue,Failed payments are usually an issuer block or an address mismatch; retry with a different method or contact your bank.
BM,hi i want to call off order {{Order Number}},ORDER,cancel_order,Orders can be cancelled from Orders > Cancel within 60 minutes of purchase; after that contact support for a return.
BQ,how do i cancel my order asap,ORDER,cancel_order,Orders can be cancelled from Orders > Cancel within 60 minutes of purchase; after that contact support for a return.
BQ,please i need to cancel order {{Order Number}} asap,ORDER,cancel_order,Orders can be cancelled from Orders > Cancel within 60 minutes of purchase; after that contact support for a return.
BM,hey there can you tell me where my package is thanks,ORDER,track_order,You can track your order in the Orders section of your account; a live tracking link is also emailed at dispatch.
B,what shipping options do you offer please,DELIVERY,delivery_options,"Standard delivery is 3-5 business days, express is next business day; options and costs are shown at checkout."
BQ,"i need help, how do i subscribe to your newsletter asap",SUBSCRIPTION,manage_newsletter,"Email preferences live under Account > Communications, and every newsletter carries a one-click unsubscribe link."
BQ,hi i need to recover access to my account thanks,ACCOUNT,recover_password,Use Forgot Password on the sign-in page; the reset link is valid for 30 minutes and may land in spam.
BM,hey there the card was declined at checkout,PAYMENT,payment_issue,Failed payments are usually an issuer block or an address mismatch; retry with a different method or contact your bank.
BM,"i need help, password reset email not arriving asap",ACCOUNT,recover_password,Use Forgot Password on the sign-in page; the reset link is valid for 30 minutes and may land in spam.
BQ,hi why is my payment not going through?,PAYMENT,payment_issue,Failed payments are usually an issuer block or an address mismatch; retry with a different method or contact your bank.
B,please what shipping options do you offer asap,DELIVERY,delivery_options,"Standard delivery is 3-5 business days, express is next business day; options and costs are shown at checkout."
B,"hello, do you deliver to {{Delivery City}}?",DELIVERY,delivery_options,"Standard delivery is 3-5 business days, express is next business day; options and costs are shown at checkout."
BM,hey there i forgot my password please,ACCOUNT,recover_password,Use Forgot Password on the sign-in page; the reset link is valid for 30 minutes and may land in spam.
BQ,"hello, what do i need to open an account",ACCOUNT,create_account,Create an account from Sign Up with an email address; you will receive a verification link to activate it.
BL,"hello, how do i reset my password?",ACCOUNT,recover_password,Use Forgot Password on the sign-in page; the reset link is valid for 30 minutes and may land in spam.
B,"hello, i want to open an account asap",ACCOUNT,create_account,Create an account from Sign Up with an email address; you will receive a verification link to activate it.
BQ,"i need help, where is my order {{Order Number}}?",ORDER,track_order,You can track your order in the Orders section of your account; a live tracking link is also emailed at dispatch.
BM,"i need help, i need to cancel order {{Order Number}}!",ORDER,cancel_order,Orders can be cancelled from Orders > Cancel within 60 minutes of purchase; after that contact support for a return.
BL,i was charged twice for order {{Order Number}} thanks,PAYMENT,payment_issue,Failed payments are usually an issuer block or an address mismatch; retry with a different method or contact your bank.
BL,is next day shipping available thanks,DELIVERY,delivery_options,"Standard delivery is 3-5 business days, express is next business day; options and costs are shown at checkout."
BL,hey there do you deliver to {{Delivery City}}?,DELIVERY,delivery_options,"Standard delivery is 3-5 business days, express is next business day; options and costs are shown at checkout."
BM,please delivery times to my area?,DELIVERY,delivery_options,"Standard delivery is 3-5 business days, express is next business day; options and costs are shown at checkout."
BQ,"hello, when will my refund of {{Refund Amount}} arrive?",REFUND,get_refund,Refunds are issued to the original payment method within 5-7 business days of the returned item being received.
BM,please registration help!,ACCOUNT,create_account,Create an account from Sign Up with an email address; you will receive a verification link to activate it.
B,hi cancel my recent purchase,ORDER,cancel_order,Orders can be cancelled from Orders > Cancel within 60 minutes of purchase; after that contact support for a return.
BQ,please is next day shipping available,DELIVERY,delivery_options,"Standard delivery is 3-5 business days, express is next business day; options and costs are shown at checkout."
BM,"hello, help me create a new profile please",ACCOUNT,create_account,Create an account from Sign Up with an email address; you will receive a verification link to activate it.
B,requesting reimbursement for my purchase!,REFUND,get_refund,Refunds are issued to the original payment method within 5-7 business days of the returned item being received.
BM,"i need help, i forgot my password",ACCOUNT,recover_password,Use Forgot Password on the sign-in page; the reset link is valid for 30 minutes and may land in spam.
B,please cannot log into my account asap,ACCOUNT,recover_password,Use Forgot Password on the sign-in page; the reset link is valid for 30 minutes and may land in spam.
BQ,"hello, cancel my recent purchase asap",ORDER,cancel_order,Orders can be cancelled from Orders > Cancel within 60 minutes of purchase; after that contact support for a return.
BL,can i stop my order from shipping please,ORDER,cancel_order,Orders can be cancelled from Orders > Cancel within 60 minutes of purchase; after that contact support for a return.
B,change my email preferences!,SUBSCRIPTION,manage_newsletter,"Email preferences live under Account > Communications, and every newsletter carries a one-click unsubscribe link."
BM,please change my email preferences asap,SUBSCRIPTION,manage_newsletter,"Email preferences live under Account > Communications, and every newsletter carries a one-click unsubscribe link."
BL,i need to cancel order {{Order Number}}!,ORDER,cancel_order,Orders can be cancelled from Orders > Cancel within 60 minutes of purchase; after that contact support for a return.
BL,please when will my refund of {{Refund Amount}} arrive!,REFUND,get_refund,Refunds are issued to the original payment method within 5-7 business days of the returned item being received.
BL,"hello, what shipping options do you offer?",DELIVERY,delivery_options,"Standard delivery is 3-5 business days, express is next business day; options and costs are shown at checkout."
BQ,please refund status please thanks,REFUND,get_refund,Refunds are issued to the original payment method within 5-7 business days of the returned item being received.
BL,refund status please please,REFUND,get_refund,Refunds are issued to the original payment method within 5-7 business days of the returned item being received.
BQ,hi sign me up for an account?,ACCOUNT,create_account,Create an account from Sign Up with an email address; you will receive a verification link to activate it.
B,hey there how do i get my money back please,REFUND,get_refund,Refunds are issued to the original payment method within 5-7 business days of the returned item being received.
BM,"i need help, do you deliver to {{Delivery City}} asap",DELIVERY,delivery_options,"Standard delivery is 3-5 business days, express is next business day; options and costs are shown at checkout."
B,"i need help, my payment failed",PAYMENT,payment_issue,Failed payments are usually an issuer block or an address mismatch; retry with a different method or contact your bank.
B,please the card was declined at checkout,PAYMENT,payment_issue,Failed payments are usually an issuer block or an address mismatch; retry with a different method or contact your bank.
BM,problem paying with my credit card!,PAYMENT,payment_issue,Failed payments are usually an issuer block or an address mismatch; retry with a different method or contact your bank.
BL,"hello, where is my order {{Order Number}}?",ORDER,track_order,You can track your order in the Orders section of your account; a live tracking link is also emailed at dispatch.
BM,"hello, problem paying with my credit card!",PAYMENT,payment_issue,Failed payments are usually an issuer block or an address mismatch; retry with a different method or contact your bank.
BM,how do i get my money back?,REFUND,get_refund,Refunds are issued to the original payment method within 5-7 business days of the returned item being received.
BL,hi why is my payment not going through?,PAYMENT,payment_issue,Failed payments are usually an issuer block or an address mismatch; retry with a different method or contact your bank.
BL,requesting reimbursement for my purchase,REFUND,get_refund,Refunds are issued to the original payment method within 5-7 business days of the returned item being received.
BM,please help me create a new profile?,ACCOUNT,create_account,Create an account from Sign Up with an email address; you will receive a verification link to activate it.
BM,hi is next day shipping available!,DELIVERY,delivery_options,"Standard delivery is 3-5 business days, express is next business day; options and costs are shown at checkout."
BM,change my email preferences thanks,SUBSCRIPTION,manage_newsletter,"Email preferences live under Account > Communications, and every newsletter carries a one-click unsubscribe link."
B,please can you tell me where my package is asap,ORDER,track_order,You can track your order in the Orders section of your account; a live tracking link is also emailed at dispatch.
B,can you tell me where my package is asap,ORDER,track_order,You can track your order in the Orders section of your account; a live tracking link is also emailed at dispatch.
B,i want to call off order {{Order Number}},ORDER,cancel_order,Orders can be cancelled from Orders > Cancel within 60 minutes of purchase; after that contact support for a return.
BQ,is next day shipping available!,DELIVERY,delivery_options,"Standard delivery is 3-5 business days, express is next business day; options and costs are shown at checkout."
BQ,hey there requesting reimbursement for my purchase!,REFUND,get_refund,Refunds are issued to the original payment method within 5-7 business days of the returned item being received.
BM,"hello, i need to cancel order {{Order Number}}!",ORDER,cancel_order,Orders can be cancelled from Orders > Cancel within 60 minutes of purchase; after that contact support for a return.
B,"i need help, i want to opt out of emails thanks",SUBSCRIPTION,manage_newsletter,"Email preferences live under Account > Communications, and every newsletter carries a one-click unsubscribe link."
B,"hello, please cancel the purchase i just made please",ORDER,cancel_order,Orders can be cancelled from Orders > Cancel within 60 minutes of purchase; after that contact support for a return.
BQ,hey there how much is express delivery please,DELIVERY,delivery_options,"Standard delivery is 3-5 business days, express is next business day; options and costs are shown at checkout."
BQ,"i need help, help me create a new profile please",ACCOUNT,create_account,Create an account from Sign Up with an email address; you will receive a verification link to activate it.
BL,"i need help, i want to open an account",ACCOUNT,create_account,Create an account from Sign Up with an email address; you will receive a verification link to activate it.
B,"i need help, i want a refund for order {{Order Number}} asap",REFUND,get_refund,Refunds are issued to the original payment method within 5-7 business days of the returned item being received.
BL,"i need help, when will my refund of {{Refund Amount}} arrive please",REFUND,get_refund,Refunds are issued to the original payment method within 5-7 business days of the returned item being received.
BM,hi delivery times to my area thanks,DELIVERY,delivery_options,"Standard delivery is 3-5 business days, express is next business day; options and costs are shown at checkout."
BQ,"i need help, how much is express delivery",DELIVERY,delivery_options,"Standard delivery is 3-5 business days, express is next business day; options and costs are shown at checkout."
BL,hey there why is my payment not going through?,PAYMENT,payment_issue,Failed payments are usually an issuer block or an address mismatch; retry with a different method or contact your bank.
B,"i need help, my payment failed asap",PAYMENT,payment_issue,Failed payments are usually an issuer block or an address mismatch; retry with a different method or contact your bank.
BL,i was charged but never received the item please,REFUND,get_refund,Refunds are issued to the original payment method within 5-7 business days of the returned item being received.
B,hi my payment failed,PAYMENT,payment_issue,Failed payments are usually an issuer block or an address mismatch; retry with a different method or contact your bank.
B,"i need help, when will my refund of {{Refund Amount}} arrive thanks",REFUND,get_refund,Refunds are issued to the original payment method within 5-7 business days of the returned item being received.
BL,please cannot log into my account!,ACCOUNT,recover_password,Use Forgot Password on the sign-in page; the reset link is valid for 30 minutes and may land in spam.
BQ,hi my payment failed asap,PAYMENT,payment_issue,Failed payments are usually an issuer block or an address mismatch; retry with a different method or contact your bank.
BM,"i need help, registration help!",ACCOUNT,create_account,Create an account from Sign Up with an email address; you will receive a verification link to activate it.
BM,"hello, how do i reset my password asap",ACCOUNT,recover_password,Use Forgot Password on the sign-in page; the reset link is valid for 30 minutes and may land in spam.
B,please unsubscribe me from the newsletter asap,SUBSCRIPTION,manage_newsletter,"Email preferences live under Account > Communications, and every newsletter carries a one-click unsubscribe link."
BM,hi double charge on my account please,PAYMENT,payment_issue,Failed payments are usually an issuer block or an address mismatch; retry with a different method or contact your bank.
BQ,sign me up for an account,ACCOUNT,create_account,Create an account from Sign Up with an email address; you will receive a verification link to activate it.
BM,hey there what shipping options do you offer please,DELIVERY,delivery_options,"Standard delivery is 3-5 business days, express is next business day; options and costs are shown at checkout."
B,"i need help, cannot log into my account?",ACCOUNT,recover_password,Use Forgot Password on the sign-in page; the reset link is valid for 30 minutes and may land in spam.
B,can you tell me where my package is?,ORDER,track_order,You can track your order in the Orders section of your account; a live tracking link is also emailed at dispatch.
BL,cannot log into my account!,ACCOUNT,recover_password,Use Forgot Password on the sign-in page; the reset link is valid for 30 minutes and may land in spam.
BQ,"hello, too many promotional emails!",SUBSCRIPTION,manage_newsletter,"Email preferences live under Account > Communications, and every newsletter carries a one-click unsubscribe link."
BQ,"hello, i need to recover access to my account!",ACCOUNT,recover_password,Use Forgot Password on the sign-in page; the reset link is valid for 30 minutes and may land in spam.
BQ,refund status please!,REFUND,get_refund,Refunds are issued to the original payment method within 5-7 business days of the returned item being received.
BQ,"i need help, how do i subscribe to your newsletter thanks",SUBSCRIPTION,manage_newsletter,"Email preferences live under Account > Communications, and every newsletter carries a one-click unsubscribe link."
BQ,problem paying with my credit card,PAYMENT,payment_issue,Failed payments are usually an issuer block or an address mismatch; retry with a different method or contact your bank.
BL,"hello, stop sending me marketing emails!",SUBSCRIPTION,manage_newsletter,"Email preferences live under Account > Communications, and every newsletter carries a one-click unsubscribe link."
BM,please is next day shipping available!,DELIVERY,delivery_options,"Standard delivery is 3-5 business days, express is next business day; options and costs are shown at checkout."
BL,"i need help, can you tell me where my package is please",ORDER,track_order,You can track your order in the Orders section of your account; a live tracking link is also emailed at dispatch.
BQ,"i need help, is next day shipping available thanks",DELIVERY,delivery_options,"Standard delivery is 3-5 business days, express is next business day; options and costs are shown at checkout."
BM,"hello, can i stop my order from shipping?",ORDER,cancel_order,Orders can be cancelled from Orders > Cancel within 60 minutes of purchase; after that contact support for a return.
BM,"hello, password reset email not arriving?",ACCOUNT,recover_password,Use Forgot Password on the sign-in page; the reset link is valid for 30 minutes and may land in spam.
BL,hey there i want to open an account?,ACCOUNT,create_account,Create an account from Sign Up with an email address; you will receive a verification link to activate it.
BQ,please how much is express delivery!,DELIVERY,delivery_options,"Standard delivery is 3-5 business days, express is next business day; options and costs are shown at checkout."
B,hey there i want to check the status of order {{Order Number}} please,ORDER,track_order,You can track your order in the Orders section of your account; a live tracking link is also emailed at dispatch.
BL,please cannot log into my account!,ACCOUNT,recover_password,Use Forgot Password on the sign-in page; the reset link is valid for 30 minutes and may land in spam.
BQ,hey there please cancel the purchase i just made asap,ORDER,cancel_order,Orders can be cancelled from Orders > Cancel within 60 minutes of purchase; after that contact support for a return.
BM,change my email preferences asap,SUBSCRIPTION,manage_newsletter,"Email preferences live under Account > Communications, and every newsletter carries a one-click unsubscribe link."
BQ,hi track order {{Order Number}} thanks,ORDER,track_order,You can track your order in the Orders section of your account; a live tracking link is also emailed at dispatch.
BQ,"i need help, problem paying with my credit card?",PAYMENT,payment_issue,Failed payments are usually an issuer block or an address mismatch; retry with a different method or contact your bank.
BM,"hello, locked out of my profile?",ACCOUNT,recover_password,Use Forgot Password on the sign-in page; the reset link is valid for 30 minutes and may land in spam.
BL,"hello, registration help please",ACCOUNT,create_account,Create an account from Sign Up with an email address; you will receive a verification link to activate it.
B,please track order {{Order Number}} asap,ORDER,track_order,You can track your order in the Orders section of your account; a live tracking link is also emailed at dispatch.
BM,hi delivery times to my area?,DELIVERY,delivery_options,"Standard delivery is 3-5 business days, express is next business day; options and costs are shown at checkout."
BQ,please my payment failed asap,PAYMENT,payment_issue,Failed payments are usually an issuer block or an address mismatch; retry with a different method or contact your bank.
BQ,"hello, what shipping options do you offer",DELIVERY,delivery_options,"Standard delivery is 3-5 business days, express is next business day; options and costs are shown at checkout."
BM,"i need help, the card was declined at checkout please",PAYMENT,payment_issue,Failed payments are usually an issuer block or an address mismatch; retry with a different method or contact your bank.
BQ,"i need help, i forgot my password thanks",ACCOUNT,recover_password,Use Forgot Password on the sign-in page; the reset link is valid for 30 minutes and may land in spam.
B,hi stop sending me marketing emails please,SUBSCRIPTION,manage_newsletter,"Email preferences live under Account > Communications, and every newsletter carries a one-click unsubscribe link."
BM,hey there i want to check the status of order {{Order Number}},ORDER,track_order,You can track your order in the Orders section of your account; a live tracking link is also emailed at dispatch.
BL,hey there too many promotional emails thanks,SUBSCRIPTION,manage_newsletter,"Email preferences live under Account > Communications, and every newsletter carries a one-click unsubscribe link."
BM,hey there problem paying with my credit card,PAYMENT,payment_issue,Failed payments are usually an issuer block or an address mismatch; retry with a different method or contact your bank.
BQ,please sign me up for an account asap,ACCOUNT,create_account,Create an account from Sign Up with an email address; you will receive a verification link to activate it.
B,hi the card was declined at checkout?,PAYMENT,payment_issue,Failed payments are usually an issuer block or an address mismatch; retry with a different method or contact your bank.
BL,"i need help, has my parcel shipped yet please",ORDER,track_order,You can track your order in the Orders section of your account; a live tracking link is also emailed at dispatch.
B,hey there can you tell me where my package is asap,ORDER,track_order,You can track your order in the Orders section of your account; a live tracking link is also emailed at dispatch.
B,please where is my order {{Order Number}},ORDER,track_order,You can track your order in the Orders section of your account; a live tracking link is also emailed at dispatch.
BM,hi unsubscribe me from the newsletter please,SUBSCRIPTION,manage_newsletter,"Email preferences live under Account > Communications, and every newsletter carries a one-click unsubscribe link."
BL,hi stop sending me marketing emails?,SUBSCRIPTION,manage_newsletter,"Email preferences live under Account > Communications, and every newsletter carries a one-click unsubscribe link."
BM,"i need help, unsubscribe me from the newsletter asap",SUBSCRIPTION,manage_newsletter,"Email preferences live under Account > Communications, and every newsletter carries a one-click unsubscribe link."
BM,hey there status of my delivery please please,ORDER,track_order,You can track your order in the Orders section of your account; a live tracking link is also emailed at dispatch.
BM,i was charged twice for order {{Order Number}}!,PAYMENT,payment_issue,Failed payments are usually an issuer block or an address mismatch; retry with a different method or contact your bank.
BL,hey there i want to open an account asap,ACCOUNT,create_account,Create an account from Sign Up with an email address; you will receive a verification link to activate it.
BL,how do i cancel my order thanks,ORDER,cancel_order,Orders can be cancelled from Orders > Cancel within 60 minutes of purchase; after that contact support for a return.
BL,"hello, how do i reset my password thanks",ACCOUNT,recover_password,Use Forgot Password on the sign-in page; the reset link is valid for 30 minutes and may land in spam.
BQ,hey there my payment failed?,PAYMENT,payment_issue,Failed payments are usually an issuer block or an address mismatch; retry with a different method or contact your bank.
BL,hey there how do i subscribe to your newsletter asap,SUBSCRIPTION,manage_newsletter,"Email preferences live under Account > Communications, and every newsletter carries a one-click unsubscribe link."
BL,hey there i want to check the status of order {{Order Number}},ORDER,track_order,You can track your order in the Orders section of your account; a live tracking link is also emailed at dispatch.
BQ,"hello, unsubscribe me from the newsletter",SUBSCRIPTION,manage_newsletter,"Email preferences live under Account > Communications, and every newsletter carries a one-click unsubscribe link."
B,hey there i need to cancel order {{Order Number}},ORDER,cancel_order,Orders can be cancelled from Orders > Cancel within 60 minutes of purchase; after that contact support for a return.
B,please too many promotional emails,SUBSCRIPTION,manage_newsletter,"Email preferences live under Account > Communications, and every newsletter carries a one-click unsubscribe link."
BQ,hi i need to recover access to my account!,ACCOUNT,recover_password,Use Forgot Password on the sign-in page; the reset link is valid for 30 minutes and may land in spam.
BM,has my parcel shipped yet!,ORDER,track_order,You can track your order in the Orders section of your account; a live tracking link is also emailed at dispatch.
BQ,please how much is express delivery!,DELIVERY,delivery_options,"Standard delivery is 3-5 business days, express is next business day; options and costs are shown at checkout."
B,"hello, i need to recover access to my account asap",ACCOUNT,recover_password,Use Forgot Password on the sign-in page; the reset link is valid for 30 minutes and may land in spam.
BL,please how do i get my money back!,REFUND,get_refund,Refunds are issued to the original payment method within 5-7 business days of the returned item being received.
BQ,"hello, stop sending me marketing emails please",SUBSCRIPTION,manage_newsletter,"Email preferences live under Account > Communications, and every newsletter carries a one-click unsubscribe link."
BL,hi what shipping options do you offer?,DELIVERY,delivery_options,"Standard delivery is 3-5 business days, express is next business day; options and costs are shown at checkout."
BQ,please i want a refund for order {{Order Number}}?,REFUND,get_refund,Refunds are issued to the original payment method within 5-7 business days of the returned item being received.
BM,the card was declined at checkout asap,PAYMENT,payment_issue,Failed payments are usually an issuer block or an address mismatch; retry with a different method or contact your bank.
BL,hey there stop sending me marketing emails asap,SUBSCRIPTION,manage_newsletter,"Email preferences live under Account > Communications, and every newsletter carries a one-click unsubscribe link."
BL,hey there has my parcel shipped yet asap,ORDER,track_order,You can track your order in the Orders section of your account; a live tracking link is also emailed at dispatch.
BL,hi when will my refund of {{Refund Amount}} arrive,REFUND,get_refund,Refunds are issued to the original payment method within 5-7 business days of the returned item being received.
BQ,hey there problem paying with my credit card please,PAYMENT,payment_issue,Failed payments are usually an issuer block or an address mismatch; retry with a different method or contact your bank.
BM,how do i register?,ACCOUNT,create_account,Create an account from Sign Up with an email address; you will receive a verification link to activate it.
B,"i need help, how do i subscribe to your newsletter please",SUBSCRIPTION,manage_newsletter,"Email preferences live under Account > Communications, and every newsletter carries a one-click unsubscribe link."
BQ,"i need help, can you tell me where my package is?",ORDER,track_order,You can track your order in the Orders section of your account; a live tracking link is also emailed at dispatch.
B,hi how do i register please,ACCOUNT,create_account,Create an account from Sign Up with an email address; you will receive a verification link to activate it.
B,"hello, what shipping options do you offer asap",DELIVERY,delivery_options,"Standard delivery is 3-5 business days, express is next business day; options and costs are shown at checkout."
BQ,hi where is my order {{Order Number}}?,ORDER,track_order,You can track your order in the Orders section of your account; a live tracking link is also emailed at dispatch.
BQ,hey there track order {{Order Number}} thanks,ORDER,track_order,You can track your order in the Orders section of your account; a live tracking link is also emailed at dispatch.
BQ,i want a refund for order {{Order Number}} please,REFUND,get_refund,Refunds are issued to the original payment method within 5-7 business days of the returned item being received.
BM,please i want to call off order {{Order Number}} please,ORDER,cancel_order,Orders can be cancelled from Orders > Cancel within 60 minutes of purchase; after that contact support for a return.
BL,hi the card was declined at checkout?,PAYMENT,payment_issue,Failed payments are usually an issuer block or an address mismatch; retry with a different method or contact your bank.
BL,"hello, registration help asap",ACCOUNT,create_account,Create an account from Sign Up with an email address; you will receive a verification link to activate it.
BM,please double charge on my account?,PAYMENT,payment_issue,Failed payments are usually an issuer block or an address mismatch; retry with a different method or contact your bank.
BQ,hi status of my delivery please,ORDER,track_order,You can track your order in the Orders section of your account; a live tracking link is also emailed at dispatch.
B,hi what shipping options do you offer thanks,DELIVERY,delivery_options,"Standard delivery is 3-5 business days, express is next business day; options and costs are shown at checkout."
BL,hi please cancel the purchase i just made!,ORDER,cancel_order,Orders can be cancelled from Orders > Cancel within 60 minutes of purchase; after that contact support for a return.
B,hi status of my delivery please!,ORDER,track_order,You can track your order in the Orders section of your account; a live tracking link is also emailed at dispatch.
BL,"hello, what shipping options do you offer please",DELIVERY,delivery_options,"Standard delivery is 3-5 business days, express is next business day; options and costs are shown at checkout."
B,please registration help asap,ACCOUNT,create_account,Create an account from Sign Up with an email address; you will receive a verification link to activate it.
BQ,please the card was declined at checkout?,PAYMENT,payment_issue,Failed payments are usually an issuer block or an address mismatch; retry with a different method or contact your bank.
BM,please i need to recover access to my account thanks,ACCOUNT,recover_password,Use Forgot Password on the sign-in page; the reset link is valid for 30 minutes and may land in spam.
BL,how do i register,ACCOUNT,create_account,Create an account from Sign Up with an email address; you will receive a verification link to activate it.
B,hi refund status please,REFUND,get_refund,Refunds are issued to the original payment method within 5-7 business days of the returned item being received.
BL,"i need help, registration help thanks",ACCOUNT,create_account,Create an account from Sign Up with an email address; you will receive a verification link to activate it.
BL,"i need help, how do i cancel my order thanks",ORDER,cancel_order,Orders can be cancelled from Orders > Cancel within 60 minutes of purchase; after that contact support for a return.
BM,hi sign me up for an account?,ACCOUNT,create_account,Create an account from Sign Up with an email address; you will receive a verification link to activate it.
BL,can you tell me where my package is,ORDER,track_order,You can track your order in the Orders section of your account; a live tracking link is also emailed at dispatch.
B,"i need help, when will my order arrive!",DELIVERY,delivery_options,"Standard delivery is 3-5 business days, express is next business day; options and costs are shown at checkout."
B,"i need help, where is my order {{Order Number}}",ORDER,track_order,You can track your order in the Orders section of your account; a live tracking link is also emailed at dispatch.
B,hi too many promotional emails thanks,SUBSCRIPTION,manage_newsletter,"Email preferences live under Account > Communications, and every newsletter carries a one-click unsubscribe link."
BL,what shipping options do you offer please,DELIVERY,delivery_options,"Standard delivery is 3-5 business days, express is next business day; options and costs are shown at checkout."
BL,"hello, how do i register",ACCOUNT,create_account,Create an account from Sign Up with an email address; you will receive a verification link to activate it.
BQ,please how do i cancel my order thanks,ORDER,cancel_order,Orders can be cancelled from Orders > Cancel within 60 minutes of purchase; after that contact support for a return.
B,i was charged twice for order {{Order Number}},PAYMENT,payment_issue,Failed payments are usually an issuer block or an address mismatch; retry with a different method or contact your bank.
BQ,please how do i register?,ACCOUNT,create_account,Create an account from Sign Up with an email address; you will receive a verification link to activate it.
BQ,please password reset email not arriving,ACCOUNT,recover_password,Use Forgot Password on the sign-in page; the reset link is valid for 30 minutes and may land in spam.
B,i want to call off order {{Order Number}} thanks,ORDER,cancel_order,Orders can be cancelled from Orders > Cancel within 60 minutes of purchase; after that contact support for a return.
BM,"hello, registration help asap",ACCOUNT,create_account,Create an account from Sign Up with an email address; you will receive a verification link to activate it.
BM,"i need help, how do i get my money back thanks",REFUND,get_refund,Refunds are issued to the original payment method within 5-7 business days of the returned item being received.
BQ,hi refund status please,REFUND,get_refund,Refunds are issued to the original payment method within 5-7 business days of the returned item being received.
BL,cannot log into my account asap,ACCOUNT,recover_password,Use Forgot Password on the sign-in page; the reset link is valid for 30 minutes and may land in spam.
BL,hi why is my payment not going through thanks,PAYMENT,payment_issue,Failed payments are usually an issuer block or an address mismatch; retry with a different method or contact your bank.
BL,hi refund status please please,REFUND,get_refund,Refunds are issued to the original payment method within 5-7 business days of the returned item being received.
B,please please cancel the purchase i just made please,ORDER,cancel_order,Orders can be cancelled from Orders > Cancel within 60 minutes of purchase; after that contact support for a return.
BL,please is next day shipping available,DELIVERY,delivery_options,"Standard delivery is 3-5 business days, express is next business day; options and costs are shown at checkout."
BQ,please i need to cancel order {{Order Number}},ORDER,cancel_order,Orders can be cancelled from Orders > Cancel within 60 minutes of purchase; after that contact support for a return.
BQ,"hello, unsubscribe me from the newsletter thanks",SUBSCRIPTION,manage_newsletter,"Email preferences live under Account > Communications, and every newsletter carries a one-click unsubscribe link."
B,my payment failed asap,PAYMENT,payment_issue,Failed payments are usually an issuer block or an address mismatch; retry with a different method or contact your bank.
BL,hey there is next day shipping available thanks,DELIVERY,delivery_options,"Standard delivery is 3-5 business days, express is next business day; options and costs are shown at checkout."
BM,hey there do you deliver to {{Delivery City}} please,DELIVERY,delivery_options,"Standard delivery is 3-5 business days, express is next business day; options and costs are shown at checkout."
BQ,please i want to call off order {{Order Number}},ORDER,cancel_order,Orders can be cancelled from Orders > Cancel within 60 minutes of purchase; after that contact support for a return.
BL,hey there do you deliver to {{Delivery City}}?,DELIVERY,delivery_options,"Standard delivery is 3-5 business days, express is next business day; options and costs are shown at checkout."
BL,cancel my recent purchase asap,ORDER,cancel_order,Orders can be cancelled from Orders > Cancel within 60 minutes of purchase; after that contact support for a return.
BL,hey there locked out of my profile,ACCOUNT,recover_password,Use Forgot Password on the sign-in page; the reset link is valid for 30 minutes and may land in spam.
B,hi locked out of my profile asap,ACCOUNT,recover_password,Use Forgot Password on the sign-in page; the reset link is valid for 30 minutes and may land in spam.
B,"hello, when will my refund of {{Refund Amount}} arrive?",REFUND,get_refund,Refunds are issued to the original payment method within 5-7 business days of the returned item being received.
BL,hey there how do i get my money back?,REFUND,get_refund,Refunds are issued to the original payment method within 5-7 business days of the returned item being received.
B,hi i was charged but never received the item please,REFUND,get_refund,Refunds are issued to the original payment method within 5-7 business days of the returned item being received.
BM,"hello, what do i need to open an account thanks",ACCOUNT,create_account,Create an account from Sign Up with an email address; you will receive a verification link to activate it.
BQ,"hello, stop sending me marketing emails?",SUBSCRIPTION,manage_newsletter,"Email preferences live under Account > Communications, and every newsletter carries a one-click unsubscribe link."
BL,"i need help, what do i need to open an account thanks",ACCOUNT,create_account,Create an account from Sign Up with an email address; you will receive a verification link to activate it.
B,hey there help me create a new profile!,ACCOUNT,create_account,Create an account from Sign Up with an email address; you will receive a verification link to activate it.
BL,locked out of my profile thanks,ACCOUNT,recover_password,Use Forgot Password on the sign-in page; the reset link is valid for 30 minutes and may land in spam.
BM,hi refund status please please,REFUND,get_refund,Refunds are issued to the original payment method within 5-7 business days of the returned item being received.
BL,hi locked out of my profile!,ACCOUNT,recover_password,Use Forgot Password on the sign-in page; the reset link is valid for 30 minutes and may land in spam.
BM,"hello, too many promotional emails!",SUBSCRIPTION,manage_newsletter,"Email preferences live under Account > Communications, and every newsletter carries a one-click unsubscribe link."
BQ,hey there how do i register asap,ACCOUNT,create_account,Create an account from Sign Up with an email address; you will receive a verification link to activate it.
B,please how do i reset my password please,ACCOUNT,recover_password,Use Forgot Password on the sign-in page; the reset link is valid for 30 minutes and may land in spam.
BL,please i want to check the status of order {{Order Number}}!,ORDER,track_order,You can track your order in the Orders section of your account; a live tracking link is also emailed at dispatch.
B,hey there registration help asap,ACCOUNT,create_account,Create an account from Sign Up with an email address; you will receive a verification link to activate it.
BL,"hello, i was charged but never received the item please",REFUND,get_refund,Refunds are issued to the original payment method within 5-7 business days of the returned item being received.
BL,"hello, sign me up for an account!",ACCOUNT,create_account,Create an account from Sign Up with an email address; you will receive a verification link to activate it.
BL,why is my payment not going through?,PAYMENT,payment_issue,Failed payments are usually an issuer block or an address mismatch; retry with a different method or contact your bank.
BM,please requesting reimbursement for my purchase,REFUND,get_refund,Refunds are issued to the original payment method within 5-7 business days of the returned item being received.
B,hi help me create a new profile?,ACCOUNT,create_account,Create an account from Sign Up with an email address; you will receive a verification link to activate it.
BL,"i need help, how do i reset my password asap",ACCOUNT,recover_password,Use Forgot Password on the sign-in page; the reset link is valid for 30 minutes and may land in spam.
BQ,i need to cancel order {{Order Number}} asap,ORDER,cancel_order,Orders can be cancelled from Orders > Cancel within 60 minutes of purchase; after that contact support for a return.
BQ,please my payment failed please,PAYMENT,payment_issue,Failed payments are usually an issuer block or an address mismatch; retry with a different method or contact your bank.
B,"hello, i was charged twice for order {{Order Number}} please",PAYMENT,payment_issue,Failed payments are usually an issuer block or an address mismatch; retry with a different method or contact your bank.
BM,i need to cancel order {{Order Number}}!,ORDER,cancel_order,Orders can be cancelled from Orders > Cancel within 60 minutes of purchase; after that contact support for a return.
B,how do i get my money back please,REFUND,get_refund,Refunds are issued to the original payment method within 5-7 business days of the returned item being received.
BM,"hello, status of my delivery please!",ORDER,track_order,You can track your order in the Orders section of your account; a live tracking link is also emailed at dispatch.
BM,"i need help, the card was declined at checkout",PAYMENT,payment_issue,Failed payments are usually an issuer block or an address mismatch; retry with a different method or contact your bank.
B,"hello, how do i cancel my order please",ORDER,cancel_order,Orders can be cancelled from Orders > Cancel within 60 minutes of purchase; after that contact support for a return.
BQ,cancel my recent purchase thanks,ORDER,cancel_order,Orders can be cancelled from Orders > Cancel within 60 minutes of purchase; after that contact support for a return.
BM,"i need help, do you deliver to {{Delivery City}}?",DELIVERY,delivery_options,"Standard delivery is 3-5 business days, express is next business day; options and costs are shown at checkout."
B,requesting reimbursement for my purchase,REFUND,get_refund,Refunds are issued to the original payment method within 5-7 business days of the returned item being received.
BQ,please i forgot my password please,ACCOUNT,recover_password,Use Forgot Password on the sign-in page; the reset link is valid for 30 minutes and may land in spam.
BL,hey there cancel my recent purchase?,ORDER,cancel_order,Orders can be cancelled from Orders > Cancel within 60 minutes of purchase; after that contact support for a return.
BQ,hi can i stop my order from shipping please,ORDER,cancel_order,Orders can be cancelled from Orders > Cancel within 60 minutes of purchase; after that contact support for a return.
BQ,"hello, unsubscribe me from the newsletter!",SUBSCRIPTION,manage_newsletter,"Email preferences live under Account > Communications, and every newsletter carries a one-click unsubscribe link."
BL,hey there delivery times to my area thanks,DELIVERY,delivery_options,"Standard delivery is 3-5 business days, express is next business day; options and costs are shown at checkout."
BM,hey there change my email preferences?,SUBSCRIPTION,manage_newsletter,"Email preferences live under Account > Communications, and every newsletter carries a one-click unsubscribe link."
BM,"i need help, problem paying with my credit card",PAYMENT,payment_issue,Failed payments are usually an issuer block or an address mismatch; retry with a different method or contact your bank.
BL,hey there unsubscribe me from the newsletter?,SUBSCRIPTION,manage_newsletter,"Email preferences live under Account > Communications, and every newsletter carries a one-click unsubscribe link."
BM,hey there status of my delivery please?,ORDER,track_order,You can track your order in the Orders section of your account; a live tracking link is also emailed at dispatch.
BL,"i need help, status of my delivery please thanks",ORDER,track_order,You can track your order in the Orders section of your account; a live tracking link is also emailed at dispatch.
BM,delivery times to my area,DELIVERY,delivery_options,"Standard delivery is 3-5 business days, express is next business day; options and costs are shown at checkout."
BM,hey there what do i need to open an account,ACCOUNT,create_account,Create an account from Sign Up with an email address; you will receive a verification link to activate it.
BM,please i want to open an account please,ACCOUNT,create_account,Create an account from Sign Up with an email address; you will receive a verification link to activate it.
BQ,"i need help, requesting reimbursement for my purchase asap",REFUND,get_refund,Refunds are issued to the original payment method within 5-7 business days of the returned item being received.
BM,"hello, i want to call off order {{Order Number}}?",ORDER,cancel_order,Orders can be cancelled from Orders > Cancel within 60 minutes of purchase; after that contact support for a return.
B,"i need help, password reset email not arriving",ACCOUNT,recover_password,Use Forgot Password on the sign-in page; the reset link is valid for 30 minutes and may land in spam.
BM,please i want to opt out of emails thanks,SUBSCRIPTION,manage_newsletter,"Email preferences live under Account > Communications, and every newsletter carries a one-click unsubscribe link."
BQ,hey there too many promotional emails,SUBSCRIPTION,manage_newsletter,"Email preferences live under Account > Communications, and every newsletter carries a one-click unsubscribe link."
BM,"hello, i need to recover access to my account!",ACCOUNT,recover_password,Use Forgot Password on the sign-in page; the reset link is valid for 30 minutes and may land in spam.
B,where is my order {{Order Number}},ORDER,track_order,You can track your order in the Orders section of your account; a live tracking link is also emailed at dispatch.
B,hi the card was declined at checkout?,PAYMENT,payment_issue,Failed payments are usually an issuer block or an address mismatch; retry with a different method or contact your bank.
BM,"i need help, password reset email not arriving please",ACCOUNT,recover_password,Use Forgot Password on the sign-in page; the reset link is valid for 30 minutes and may land in spam.
BL,hey there has my parcel shipped yet asap,ORDER,track_order,You can track your order in the Orders section of your account; a live tracking link is also emailed at dispatch.
BL,do you deliver to {{Delivery City}},DELIVERY,delivery_options,"Standard delivery is 3-5 business days, express is next business day; options and costs are shown at checkout."
BQ,please has my parcel shipped yet thanks,ORDER,track_order,You can track your order in the Orders section of your account; a live tracking link is also emailed at dispatch.
BQ,"hello, is next day shipping available thanks",DELIVERY,delivery_options,"Standard delivery is 3-5 business days, express is next business day; options and costs are shown at checkout."
B,hi how do i register thanks,ACCOUNT,create_account,Create an account from Sign Up with an email address; you will receive a verification link to activate it.
BL,"hello, the card was declined at checkout asap",PAYMENT,payment_issue,Failed payments are usually an issuer block or an address mismatch; retry with a different method or contact your bank.
BL,please what do i need to open an account,ACCOUNT,create_account,Create an account from Sign Up with an email address; you will receive a verification link to activate it.
BL,hey there requesting reimbursement for my purchase thanks,REFUND,get_refund,Refunds are issued to the original payment method within 5-7 business days of the returned item being received.
BM,hi i forgot my password?,ACCOUNT,recover_password,Use Forgot Password on the sign-in page; the reset link is valid for 30 minutes and may land in spam.
BM,"i need help, is next day shipping available asap",DELIVERY,delivery_options,"Standard delivery is 3-5 business days, express is next business day; options and costs are shown at checkout."
BQ,"i need help, do you deliver to {{Delivery City}} asap",DELIVERY,delivery_options,"Standard delivery is 3-5 business days, express is next business day; options and costs are shown at checkout."
BL,hey there cannot log into my account?,ACCOUNT,recover_password,Use Forgot Password on the sign-in page; the reset link is valid for 30 minutes and may land in spam.
BM,please password reset email not arriving thanks,ACCOUNT,recover_password,Use Forgot Password on the sign-in page; the reset link is valid for 30 minutes and may land in spam.
B,please i want a refund for order {{Order Number}} thanks,REFUND,get_refund,Refunds are issued to the original payment method within 5-7 business days of the returned item being received.
BM,i forgot my password!,ACCOUNT,recover_password,Use Forgot Password on the sign-in page; the reset link is valid for 30 minutes and may land in spam.
B,please i want to check the status of order {{Order Number}}!,ORDER,track_order,You can track your order in the Orders section of your account; a live tracking link is also emailed at dispatch.
BQ,please why is my payment not going through?,PAYMENT,payment_issue,Failed payments are usually an issuer block or an address mismatch; retry with a different method or contact your bank.
BQ,what shipping options do you offer thanks,DELIVERY,delivery_options,"Standard delivery is 3-5 business days, express is next business day; options and costs are shown at checkout."
BL,can i stop my order from shipping?,ORDER,cancel_order,Orders can be cancelled from Orders > Cancel within 60 minutes of purchase; after that contact support for a return.
BQ,"i need help, how do i reset my password",ACCOUNT,recover_password,Use Forgot Password on the sign-in page; the reset link is valid for 30 minutes and may land in spam.
BM,what do i need to open an account asap,ACCOUNT,create_account,Create an account from Sign Up with an email address; you will receive a verification link to activate it.
BL,hi cancel my recent purchase thanks,ORDER,cancel_order,Orders can be cancelled from Orders > Cancel within 60 minutes of purchase; after that contact support for a return.
BL,please requesting reimbursement for my purchase,REFUND,get_refund,Refunds are issued to the original payment method within 5-7 business days of the returned item being received.
B,"i need help, locked out of my profile?",ACCOUNT,recover_password,Use Forgot Password on the sign-in page; the reset link is valid for 30 minutes and may land in spam.
BQ,hi cannot log into my account,ACCOUNT,recover_password,Use Forgot Password on the sign-in page; the reset link is valid for 30 minutes and may land in spam.
BL,password reset email not arriving thanks,ACCOUNT,recover_password,Use Forgot Password on the sign-in page; the reset link is valid for 30 minutes and may land in spam.
BM,hey there cancel my recent purchase thanks,ORDER,cancel_order,Orders can be cancelled from Orders > Cancel within 60 minutes of purchase; after that contact support for a return.
BM,hey there cannot log into my account?,ACCOUNT,recover_password,Use Forgot Password on the sign-in page; the reset link is valid for 30 minutes and may land in spam.
B,"i need help, i forgot my password thanks",ACCOUNT,recover_password,Use Forgot Password on the sign-in page; the reset link is valid for 30 minutes and may land in spam.
B,please locked out of my profile,ACCOUNT,recover_password,Use Forgot Password on the sign-in page; the reset link is valid for 30 minutes and may land in spam.
BL,"i need help, double charge on my account",PAYMENT,payment_issue,Failed payments are usually an issuer block or an address mismatch; retry with a different method or contact your bank.
BL,"hello, i want a refund for order {{Order Number}} please",REFUND,get_refund,Refunds are issued to the original payment method within 5-7 business days of the returned item being received.
BL,hey there the card was declined at checkout thanks,PAYMENT,payment_issue,Failed payments are usually an issuer block or an address mismatch; retry with a different method or contact your bank.
BQ,hi i want a refund for order {{Order Number}} please,REFUND,get_refund,Refunds are issued to the original payment method within 5-7 business days of the returned item being received.
BM,hey there when will my refund of {{Refund Amount}} arrive please,REFUND,get_refund,Refunds are issued to the original payment method within 5-7 business days of the returned item being received.
BL,please i want to check the status of order {{Order Number}}?,ORDER,track_order,You can track your order in the Orders section of your account; a live tracking link is also emailed at dispatch.
B,hi i was charged twice for order {{Order Number}} thanks,PAYMENT,payment_issue,Failed payments are usually an issuer block or an address mismatch; retry with a different method or contact your bank.
B,"hello, i need to cancel order {{Order Number}} please",ORDER,cancel_order,Orders can be cancelled from Orders > Cancel within 60 minutes of purchase; after that contact support for a return.
B,please i want to call off order {{Order Number}} thanks,ORDER,cancel_order,Orders can be cancelled from Orders > Cancel within 60 minutes of purchase; after that contact support for a return.
BQ,hey there how do i cancel my order!,ORDER,cancel_order,Orders can be cancelled from Orders > Cancel within 60 minutes of purchase; after that contact support for a return.
BQ,"hello, track order {{Order Number}} please",ORDER,track_order,You can track your order in the Orders section of your account; a live tracking link is also emailed at dispatch.
B,please status of my delivery please!,ORDER,track_order,You can track your order in the Orders section of your account; a live tracking link is also emailed at dispatch.
BM,please cancel the purchase i just made?,ORDER,cancel_order,Orders can be cancelled from Orders > Cancel within 60 minutes of purchase; after that contact support for a return.
B,"i need help, i was charged but never received the item thanks",REFUND,get_refund,Refunds are issued to the original payment method within 5-7 business days of the returned item being received.
BQ,hey there registration help asap,ACCOUNT,create_account,Create an account from Sign Up with an email address; you will receive a verification link to activate it.
B,please sign me up for an account?,ACCOUNT,create_account,Create an account from Sign Up with an email address; you will receive a verification link to activate it.
BQ,"i need help, cannot log into my account please",ACCOUNT,recover_password,Use Forgot Password on the sign-in page; the reset link is valid for 30 minutes and may land in spam.
B,"i need help, double charge on my account please",PAYMENT,payment_issue,Failed payments are usually an issuer block or an address mismatch; retry with a different method or contact your bank.
B,has my parcel shipped yet?,ORDER,track_order,You can track your order in the Orders section of your account; a live tracking link is also emailed at dispatch.
B,requesting reimbursement for my purchase!,REFUND,get_refund,Refunds are issued to the original payment method within 5-7 business days of the returned item being received.
BL,hi how do i reset my password!,ACCOUNT,recover_password,Use Forgot Password on the sign-in page; the reset link is valid for 30 minutes and may land in spam.
BQ,please password reset email not arriving please,ACCOUNT,recover_password,Use Forgot Password on the sign-in page; the reset link is valid for 30 minutes and may land in spam.
BQ,please is next day shipping available!,DELIVERY,delivery_options,"Standard delivery is 3-5 business days, express is next business day; options and costs are shown at checkout."
BL,"hello, i want to check the status of order {{Order Number}}?",ORDER,track_order,You can track your order in the Orders section of your account; a live tracking link is also emailed at dispatch.
BQ,hey there track order {{Order Number}} please,ORDER,track_order,You can track your order in the Orders section of your account; a live tracking link is also emailed at dispatch.
BM,hey there my payment failed please,PAYMENT,payment_issue,Failed payments are usually an issuer block or an address mismatch; retry with a different method or contact your bank.
BQ,"i need help, i want to opt out of emails asap",SUBSCRIPTION,manage_newsletter,"Email preferences live under Account > Communications, and every newsletter carries a one-click unsubscribe link."
BL,hi i want to opt out of emails?,SUBSCRIPTION,manage_newsletter,"Email preferences live under Account > Communications, and every newsletter carries a one-click unsubscribe link."
B,hey there locked out of my profile please,ACCOUNT,recover_password,Use Forgot Password on the sign-in page; the reset link is valid for 30 minutes and may land in spam.
B,i was charged twice for order {{Order Number}} asap,PAYMENT,payment_issue,Failed payments are usually an issuer block or an address mismatch; retry with a different method or contact your bank.
BM,please what do i need to open an account,ACCOUNT,create_account,Create an account from Sign Up with an email address; you will receive a verification link to activate it.
B,"hello, i want to opt out of emails thanks",SUBSCRIPTION,manage_newsletter,"Email preferences live under Account > Communications, and every newsletter carries a one-click unsubscribe link."
B,please how do i reset my password asap,ACCOUNT,recover_password,Use Forgot Password on the sign-in page; the reset link is valid for 30 minutes and may land in spam.
B,please change my email preferences?,SUBSCRIPTION,manage_newsletter,"Email preferences live under Account > Communications, and every newsletter carries a one-click unsubscribe link."
BM,when will my order arrive!,DELIVERY,delivery_options,"Standard delivery is 3-5 business days, express is next business day; options and costs are shown at checkout."
BQ,when will my order arrive!,DELIVERY,delivery_options,"Standard delivery is 3-5 business days, express is next business day; options and costs are shown at checkout."
B,problem paying with my credit card asap,PAYMENT,payment_issue,Failed payments are usually an issuer block or an address mismatch; retry with a different method or contact your bank.
B,"i need help, change my email preferences thanks",SUBSCRIPTION,manage_newsletter,"Email preferences live under Account > Communications, and every newsletter carries a one-click unsubscribe link."
BL,please cancel the purchase i just made!,ORDER,cancel_order,Orders can be cancelled from Orders > Cancel within 60 minutes of purchase; after that contact support for a return.
BQ,hey there change my email preferences thanks,SUBSCRIPTION,manage_newsletter,"Email preferences live under Account > Communications, and every newsletter carries a one-click unsubscribe link."
BM,"i need help, registration help",ACCOUNT,create_account,Create an account from Sign Up with an email address; you will receive a verification link to activate it.
B,hi i need to recover access to my account?,ACCOUNT,recover_password,Use Forgot Password on the sign-in page; the reset link is valid for 30 minutes and may land in spam.
BM,locked out of my profile!,ACCOUNT,recover_password,Use Forgot Password on the sign-in page; the reset link is valid for 30 minutes and may land in spam.
B,"hello, how do i subscribe to your newsletter asap",SUBSCRIPTION,manage_newsletter,"Email preferences live under Account > Communications, and every newsletter carries a one-click unsubscribe link."
BL,please double charge on my account thanks,PAYMENT,payment_issue,Failed payments are usually an issuer block or an address mismatch; retry with a different method or contact your bank.
BM,"hello, cannot log into my account thanks",ACCOUNT,recover_password,Use Forgot Password on the sign-in page; the reset link is valid for 30 minutes and may land in spam.
B,please has my parcel shipped yet,ORDER,track_order,You can track your order in the Orders section of your account; a live tracking link is also emailed at dispatch.
B,"hello, how do i register",ACCOUNT,create_account,Create an account from Sign Up with an email address; you will receive a verification link to activate it.
BM,hi i want a refund for order {{Order Number}} please,REFUND,get_refund,Refunds are issued to the original payment method within 5-7 business days of the returned item being received.
B,"hello, how do i get my money back thanks",REFUND,get_refund,Refunds are issued to the original payment method within 5-7 business days of the returned item being received.
BQ,cancel my recent purchase asap,ORDER,cancel_order,Orders can be cancelled from Orders > Cancel within 60 minutes of purchase; after that contact support for a return.
BQ,"i need help, delivery times to my area please",DELIVERY,delivery_options,"Standard delivery is 3-5 business days, express is next business day; options and costs are shown at checkout."
B,hey there how do i subscribe to your newsletter?,SUBSCRIPTION,manage_newsletter,"Email preferences live under Account > Communications, and every newsletter carries a one-click unsubscribe link."
B,"i need help, password reset email not arriving please",ACCOUNT,recover_password,Use Forgot Password on the sign-in page; the reset link is valid for 30 minutes and may land in spam.
B,"hello, has my parcel shipped yet",ORDER,track_order,You can track your order in the Orders section of your account; a live tracking link is also emailed at dispatch.
BM,"i need help, how do i reset my password!",ACCOUNT,recover_password,Use Forgot Password on the sign-in page; the reset link is valid for 30 minutes and may land in spam.
BQ,hi why is my payment not going through!,PAYMENT,payment_issue,Failed payments are usually an issuer block or an address mismatch; retry with a different method or contact your bank.
BL,"hello, when will my order arrive",DELIVERY,delivery_options,"Standard delivery is 3-5 business days, express is next business day; options and costs are shown at checkout."
B,hi can i stop my order from shipping thanks,ORDER,cancel_order,Orders can be cancelled from Orders > Cancel within 60 minutes of purchase; after that contact support for a return.
BQ,please status of my delivery please,ORDER,track_order,You can track your order in the Orders section of your account; a live tracking link is also emailed at dispatch.
B,"hello, track order {{Order Number}} please",ORDER,track_order,You can track your order in the Orders section of your account; a live tracking link is also emailed at dispatch.
BL,hey there i want to open an account,ACCOUNT,create_account,Create an account from Sign Up with an email address; you will receive a verification link to activate it.
B,stop sending me marketing emails,SUBSCRIPTION,manage_newsletter,"Email preferences live under Account > Communications, and every newsletter carries a one-click unsubscribe link."
BM,please password reset email not arriving thanks,ACCOUNT,recover_password,Use Forgot Password on the sign-in page; the reset link is valid for 30 minutes and may land in spam.
B,"i need help, how much is express delivery asap",DELIVERY,delivery_options,"Standard delivery is 3-5 business days, express is next business day; options and costs are shown at checkout."
BL,hi what shipping options do you offer?,DELIVERY,delivery_options,"Standard delivery is 3-5 business days, express is next business day; options and costs are shown at checkout."
BQ,hey there unsubscribe me from the newsletter?,SUBSCRIPTION,manage_newsletter,"Email preferences live under Account > Communications, and every newsletter carries a one-click unsubscribe link."
B,change my email preferences,SUBSCRIPTION,manage_newsletter,"Email preferences live under Account > Communications, and every newsletter carries a one-click unsubscribe link."
BQ,track order {{Order Number}} thanks,ORDER,track_order,You can track your order in the Orders section of your account; a live tracking link is also emailed at dispatch.
BQ,please how do i reset my password?,ACCOUNT,recover_password,Use Forgot Password on the sign-in page; the reset link is valid for 30 minutes and may land in spam.
BM,hi where is my order {{Order Number}}!,ORDER,track_order,You can track your order in the Orders section of your account; a live tracking link is also emailed at dispatch.
BQ,hi can you tell me where my package is thanks,ORDER,track_order,You can track your order in the Orders section of your account; a live tracking link is also emailed at dispatch.
BL,hi do you deliver to {{Delivery City}}?,DELIVERY,delivery_options,"Standard delivery is 3-5 business days, express is next business day; options and costs are shown at checkout."
B,cancel my recent purchase please,ORDER,cancel_order,Orders can be cancelled from Orders > Cancel within 60 minutes of purchase; after that contact support for a return.
B,hey there how do i cancel my order asap,ORDER,cancel_order,Orders can be cancelled from Orders > Cancel within 60 minutes of purchase; after that contact support for a return.
BQ,hi i want to opt out of emails asap,SUBSCRIPTION,manage_newsletter,"Email preferences live under Account > Communications, and every newsletter carries a one-click unsubscribe link."
BQ,"hello, how do i reset my password thanks",ACCOUNT,recover_password,Use Forgot Password on the sign-in page; the reset link is valid for 30 minutes and may land in spam.
BQ,why is my payment not going through thanks,PAYMENT,payment_issue,Failed payments are usually an issuer block or an address mismatch; retry with a different method or contact your bank.
BQ,i was charged but never received the item?,REFUND,get_refund,Refunds are issued to the original payment method within 5-7 business days of the returned item being received.
BQ,please i need to recover access to my account!,ACCOUNT,recover_password,Use Forgot Password on the sign-in page; the reset link is valid for 30 minutes and may land in spam.
BL,cancel my recent purchase thanks,ORDER,cancel_order,Orders can be cancelled from Orders > Cancel within 60 minutes of purchase; after that contact support for a return.
B,please i was charged twice for order {{Order Number}} asap,PAYMENT,payment_issue,Failed payments are usually an issuer block or an address mismatch; retry with a different method or contact your bank.
BM,hey there i was charged but never received the item asap,REFUND,get_refund,Refunds are issued to the original payment method within 5-7 business days of the returned item being received.
BQ,hi where is my order {{Order Number}}?,ORDER,track_order,You can track your order in the Orders section of your account; a live tracking link is also emailed at dispatch.
BL,"i need help, cancel my recent purchase?",ORDER,cancel_order,Orders can be cancelled from Orders > Cancel within 60 minutes of purchase; after that contact support for a return.
BQ,hi i want to check the status of order {{Order Number}}!,ORDER,track_order,You can track your order in the Orders section of your account; a live tracking link is also emailed at dispatch.
BQ,hey there too many promotional emails please,SUBSCRIPTION,manage_newsletter,"Email preferences live under Account > Communications, and every newsletter carries a one-click unsubscribe link."
BQ,please i need to cancel order {{Order Number}},ORDER,cancel_order,Orders can be cancelled from Orders > Cancel within 60 minutes of purchase; after that contact support for a return.
BM,please please cancel the purchase i just made please,ORDER,cancel_order,Orders can be cancelled from Orders > Cancel within 60 minutes of purchase; after that contact support for a return.
BQ,hi i need to recover access to my account thanks,ACCOUNT,recover_password,Use Forgot Password on the sign-in page; the reset link is valid for 30 minutes and may land in spam.
BQ,hey there can i stop my order from shipping thanks,ORDER,cancel_order,Orders can be cancelled from Orders > Cancel within 60 minutes of purchase; after that contact support for a return.
BQ,please what do i need to open an account thanks,ACCOUNT,create_account,Create an account from Sign Up with an email address; you will receive a verification link to activate it.
B,"hello, what shipping options do you offer asap",DELIVERY,delivery_options,"Standard delivery is 3-5 business days, express is next business day; options and costs are shown at checkout."
BQ,please the card was declined at checkout!,PAYMENT,payment_issue,Failed payments are usually an issuer block or an address mismatch; retry with a different method or contact your bank.
BQ,i want to call off order {{Order Number}}?,ORDER,cancel_order,Orders can be cancelled from Orders > Cancel within 60 minutes of purchase; after that contact support for a return.
BL,"i need help, when will my refund of {{Refund Amount}} arrive thanks",REFUND,get_refund,Refunds are issued to the original payment method within 5-7 business days of the returned item being received.
B,hi how much is express delivery please,DELIVERY,delivery_options,"Standard delivery is 3-5 business days, express is next business day; options and costs are shown at checkout."
BL,"hello, requesting reimbursement for my purchase please",REFUND,get_refund,Refunds are issued to the original payment method within 5-7 business days of the returned item being received.
BM,"hello, do you deliver to {{Delivery City}}",DELIVERY,delivery_options,"Standard delivery is 3-5 business days, express is next business day; options and costs are shown at checkout."
BQ,"hello, unsubscribe me from the newsletter",SUBSCRIPTION,manage_newsletter,"Email preferences live under Account > Communications, and every newsletter carries a one-click unsubscribe link."
BM,"i need help, when will my order arrive asap",DELIVERY,delivery_options,"Standard delivery is 3-5 business days, express is next business day; options and costs are shown at checkout."
B,hey there help me create a new profile please,ACCOUNT,create_account,Create an account from Sign Up with an email address; you will receive a verification link to activate it.
B,my payment failed thanks,PAYMENT,payment_issue,Failed payments are usually an issuer block or an address mismatch; retry with a different method or contact your bank.
B,i want to open an account!,ACCOUNT,create_account,Create an account from Sign Up with an email address; you will receive a verification link to activate it.
BM,"hello, sign me up for an account?",ACCOUNT,create_account,Create an account from Sign Up with an email address; you will receive a verification link to activate it.
BQ,hi when will my order arrive please,DELIVERY,delivery_options,"Standard delivery is 3-5 business days, express is next business day; options and costs are shown at checkout."
BM,"hello, how much is express delivery",DELIVERY,delivery_options,"Standard delivery is 3-5 business days, express is next business day; options and costs are shown at checkout."
BL,please i was charged but never received the item!,REFUND,get_refund,Refunds are issued to the original payment method within 5-7 business days of the returned item being received.
BL,please locked out of my profile,ACCOUNT,recover_password,Use Forgot Password on the sign-in page; the reset link is valid for 30 minutes and may land in spam.
BL,please i want to opt out of emails asap,SUBSCRIPTION,manage_newsletter,"Email preferences live under Account > Communications, and every newsletter carries a one-click unsubscribe link."
BM,how do i cancel my order please,ORDER,cancel_order,Orders can be cancelled from Orders > Cancel within 60 minutes of purchase; after that contact support for a return.
BL,"hello, stop sending me marketing emails?",SUBSCRIPTION,manage_newsletter,"Email preferences live under Account > Communications, and every newsletter carries a one-click unsubscribe link."
B,"hello, has my parcel shipped yet!",ORDER,track_order,You can track your order in the Orders section of your account; a live tracking link is also emailed at dispatch.
B,please how do i reset my password thanks,ACCOUNT,recover_password,Use Forgot Password on the sign-in page; the reset link is valid for 30 minutes and may land in spam.
BQ,"hello, i need to cancel order {{Order Number}}!",ORDER,cancel_order,Orders can be cancelled from Orders > Cancel within 60 minutes of purchase; after that contact support for a return.
BM,"i need help, has my parcel shipped yet please",ORDER,track_order,You can track your order in the Orders section of your account; a live tracking link is also emailed at dispatch.
BL,please when will my refund of {{Refund Amount}} arrive please,REFUND,get_refund,Refunds are issued to the original payment method within 5-7 business days of the returned item being received.
BL,please is next day shipping available!,DELIVERY,delivery_options,"Standard delivery is 3-5 business days, express is next business day; options and costs are shown at checkout."
BL,hi locked out of my profile thanks,ACCOUNT,recover_password,Use Forgot Password on the sign-in page; the reset link is valid for 30 minutes and may land in spam.
BM,"hello, too many promotional emails thanks",SUBSCRIPTION,manage_newsletter,"Email preferences live under Account > Communications, and every newsletter carries a one-click unsubscribe link."
BQ,please what shipping options do you offer asap,DELIVERY,delivery_options,"Standard delivery is 3-5 business days, express is next business day; options and costs are shown at checkout."
BL,hi can i stop my order from shipping thanks,ORDER,cancel_order,Orders can be cancelled from Orders > Cancel within 60 minutes of purchase; after that contact support for a return.
BQ,hey there refund status please?,REFUND,get_refund,Refunds are issued to the original payment method within 5-7 business days of the returned item being received.
B,please how do i register asap,ACCOUNT,create_account,Create an account from Sign Up with an email address; you will receive a verification link to activate it.
BL,"hello, requesting reimbursement for my purchase!",REFUND,get_refund,Refunds are issued to the original payment method within 5-7 business days of the returned item being received.
BL,"i need help, is next day shipping available please",DELIVERY,delivery_options,"Standard delivery is 3-5 business days, express is next business day; options and costs are shown at checkout."
BL,please track order {{Order Number}} thanks,ORDER,track_order,You can track your order in the Orders section of your account; a live tracking link is also emailed at dispatch.
B,hey there locked out of my profile please,ACCOUNT,recover_password,Use Forgot Password on the sign-in page; the reset link is valid for 30 minutes and may land in spam.
BQ,hi please cancel the purchase i just made please,ORDER,cancel_order,Orders can be cancelled from Orders > Cancel within 60 minutes of purchase; after that contact support for a return.
B,"i need help, do you deliver to {{Delivery City}}?",DELIVERY,delivery_options,"Standard delivery is 3-5 business days, express is next business day; options and costs are shown at checkout."
BL,hi i want to open an account please,ACCOUNT,create_account,Create an account from Sign Up with an email address; you will receive a verification link to activate it.
B,"i need help, do you deliver to {{Delivery City}}?",DELIVERY,delivery_options,"Standard delivery is 3-5 business days, express is next business day; options and costs are shown at checkout."
BM,refund status please thanks,REFUND,get_refund,Refunds are issued to the original payment method within 5-7 business days of the returned item being received.
B,hi my payment failed please,PAYMENT,payment_issue,Failed payments are usually an issuer block or an address mismatch; retry with a different method or contact your bank.
BM,please when will my refund of {{Refund Amount}} arrive?,REFUND,get_refund,Refunds are issued to the original payment method within 5-7 business days of the returned item being received.
B,hey there i was charged twice for order {{Order Number}}!,PAYMENT,payment_issue,Failed payments are usually an issuer block or an address mismatch; retry with a different method or contact your bank.
BM,"i need help, i want to opt out of emails please",SUBSCRIPTION,manage_newsletter,"Email preferences live under Account > Communications, and every newsletter carries a one-click unsubscribe link."
BL,hey there i want to opt out of emails please,SUBSCRIPTION,manage_newsletter,"Email preferences live under Account > Communications, and every newsletter carries a one-click unsubscribe link."
BQ,please change my email preferences please,SUBSCRIPTION,manage_newsletter,"Email preferences live under Account > Communications, and every newsletter carries a one-click unsubscribe link."
B,track order {{Order Number}} asap,ORDER,track_order,You can track your order in the Orders section of your account; a live tracking link is also emailed at dispatch.
B,"i need help, can i stop my order from shipping asap",ORDER,cancel_order,Orders can be cancelled from Orders > Cancel within 60 minutes of purchase; after that contact support for a return.
BQ,"hello, where is my order {{Order Number}} thanks",ORDER,track_order,You can track your order in the Orders section of your account; a live tracking link is also emailed at dispatch.
BQ,"hello, please cancel the purchase i just made",ORDER,cancel_order,Orders can be cancelled from Orders > Cancel within 60 minutes of purchase; after that contact support for a return.
BM,please refund status please asap,REFUND,get_refund,Refunds are issued to the original payment method within 5-7 business days of the returned item being received.
BM,"hello, can i stop my order from shipping",ORDER,cancel_order,Orders can be cancelled from Orders > Cancel within 60 minutes of purchase; after that contact support for a return.
BM,how much is express delivery!,DELIVERY,delivery_options,"Standard delivery is 3-5 business days, express is next business day; options and costs are shown at checkout."
BQ,"i need help, how do i cancel my order?",ORDER,cancel_order,Orders can be cancelled from Orders > Cancel within 60 minutes of purchase; after that contact support for a return.
BL,"hello, i want to opt out of emails?",SUBSCRIPTION,manage_newsletter,"Email preferences live under Account > Communications, and every newsletter carries a one-click unsubscribe link."
BM,"hello, i want a refund for order {{Order Number}}",REFUND,get_refund,Refunds are issued to the original payment method within 5-7 business days of the returned item being received.
B,please double charge on my account asap,PAYMENT,payment_issue,Failed payments are usually an issuer block or an address mismatch; retry with a different method or contact your bank.
BL,hey there the card was declined at checkout asap,PAYMENT,payment_issue,Failed payments are usually an issuer block or an address mismatch; retry with a different method or contact your bank.
B,hi registration help?,ACCOUNT,create_account,Create an account from Sign Up with an email address; you will receive a verification link to activate it.
BL,please change my email preferences thanks,SUBSCRIPTION,manage_newsletter,"Email preferences live under Account > Communications, and every newsletter carries a one-click unsubscribe link."
BL,hey there when will my refund of {{Refund Amount}} arrive?,REFUND,get_refund,Refunds are issued to the original payment method within 5-7 business days of the returned item being received.
BM,delivery times to my area?,DELIVERY,delivery_options,"Standard delivery is 3-5 business days, express is next business day; options and costs are shown at checkout."
B,"i need help, refund status please asap",REFUND,get_refund,Refunds are issued to the original payment method within 5-7 business days of the returned item being received.
BM,hi sign me up for an account asap,ACCOUNT,create_account,Create an account from Sign Up with an email address; you will receive a verification link to activate it.
BM,hey there track order {{Order Number}},ORDER,track_order,You can track your order in the Orders section of your account; a live tracking link is also emailed at dispatch.
B,"hello, when will my refund of {{Refund Amount}} arrive please",REFUND,get_refund,Refunds are issued to the original payment method within 5-7 business days of the returned item being received.
BL,hi i was charged but never received the item,REFUND,get_refund,Refunds are issued to the original payment method within 5-7 business days of the returned item being received.
BQ,please help me create a new profile?,ACCOUNT,create_account,Create an account from Sign Up with an email address; you will receive a verification link to activate it.
BM,"i need help, i need to recover access to my account asap",ACCOUNT,recover_password,Use Forgot Password on the sign-in page; the reset link is valid for 30 minutes and may land in spam.
B,how do i subscribe to your newsletter please,SUBSCRIPTION,manage_newsletter,"Email preferences live under Account > Communications, and every newsletter carries a one-click unsubscribe link."
B,hi i want a refund for order {{Order Number}} thanks,REFUND,get_refund,Refunds are issued to the original payment method within 5-7 business days of the returned item being received.
BL,is next day shipping available?,DELIVERY,delivery_options,"Standard delivery is 3-5 business days, express is next business day; options and costs are shown at checkout."
BL,hi i forgot my password please,ACCOUNT,recover_password,Use Forgot Password on the sign-in page; the reset link is valid for 30 minutes and may land in spam.
BQ,please i want to opt out of emails,SUBSCRIPTION,manage_newsletter,"Email preferences live under Account > Communications, and every newsletter carries a one-click unsubscribe link."
B,hey there how much is express delivery please,DELIVERY,delivery_options,"Standard delivery is 3-5 business days, express is next business day; options and costs are shown at checkout."
B,hi how do i subscribe to your newsletter?,SUBSCRIPTION,manage_newsletter,"Email preferences live under Account > Communications, and every newsletter carries a one-click unsubscribe link."
B,sign me up for an account,ACCOUNT,create_account,Create an account from Sign Up with an email address; you will receive a verification link to activate it.
BL,please i was charged but never received the item?,REFUND,get_refund,Refunds are issued to the original payment method within 5-7 business days of the returned item being received.
BQ,hey there sign me up for an account please,ACCOUNT,create_account,Create an account from Sign Up with an email address; you will receive a verification link to activate it.
BQ,hi how do i get my money back thanks,REFUND,get_refund,Refunds are issued to the original payment method within 5-7 business days of the returned item being received.
B,hi track order {{Order Number}}!,ORDER,track_order,You can track your order in the Orders section of your account; a live tracking link is also emailed at dispatch.
B,"i need help, password reset email not arriving!",ACCOUNT,recover_password,Use Forgot Password on the sign-in page; the reset link is valid for 30 minutes and may land in spam.
B,hey there can i stop my order from shipping,ORDER,cancel_order,Orders can be cancelled from Orders > Cancel within 60 minutes of purchase; after that contact support for a return.
BQ,"hello, how do i register?",ACCOUNT,create_account,Create an account from Sign Up with an email address; you will receive a verification link to activate it.
BQ,hi change my email preferences,SUBSCRIPTION,manage_newsletter,"Email preferences live under Account > Communications, and every newsletter carries a one-click unsubscribe link."
BM,"i need help, how do i cancel my order",ORDER,cancel_order,Orders can be cancelled from Orders > Cancel within 60 minutes of purchase; after that contact support for a return.
BL,hey there i want to open an account!,ACCOUNT,create_account,Create an account from Sign Up with an email address; you will receive a verification link to activate it.
BQ,"i need help, what do i need to open an account?",ACCOUNT,create_account,Create an account from Sign Up with an email address; you will receive a verification link to activate it.
B,when will my refund of {{Refund Amount}} arrive asap,REFUND,get_refund,Refunds are issued to the original payment method within 5-7 business days of the returned item being received.
BQ,"hello, help me create a new profile asap",ACCOUNT,create_account,Create an account from Sign Up with an email address; you will receive a verification link to activate it.
BL,"hello, how do i get my money back",REFUND,get_refund,Refunds are issued to the original payment method within 5-7 business days of the returned item being received.
BQ,hey there status of my delivery please asap,ORDER,track_order,You can track your order in the Orders section of your account; a live tracking link is also emailed at dispatch.
B,hey there password reset email not arriving asap,ACCOUNT,recover_password,Use Forgot Password on the sign-in page; the reset link is valid for 30 minutes and may land in spam.
BQ,how do i reset my password!,ACCOUNT,recover_password,Use Forgot Password on the sign-in page; the reset link is valid for 30 minutes and may land in spam.
BQ,hi locked out of my profile thanks,ACCOUNT,recover_password,Use Forgot Password on the sign-in page; the reset link is valid for 30 minutes and may land in spam.
BM,hey there how much is express delivery!,DELIVERY,delivery_options,"Standard delivery is 3-5 business days, express is next business day; options and costs are shown at checkout."
BM,help me create a new profile please,ACCOUNT,create_account,Create an account from Sign Up with an email address; you will receive a verification link to activate it.
BQ,"hello, how much is express delivery please",DELIVERY,delivery_options,"Standard delivery is 3-5 business days, express is next business day; options and costs are shown at checkout."
B,please too many promotional emails please,SUBSCRIPTION,manage_newsletter,"Email preferences live under Account > Communications, and every newsletter carries a one-click unsubscribe link."
BQ,hi track order {{Order Number}},ORDER,track_order,You can track your order in the Orders section of your account; a live tracking link is also emailed at dispatch.
BL,hey there registration help?,ACCOUNT,create_account,Create an account from Sign Up with an email address; you will receive a verification link to activate it.
B,hey there unsubscribe me from the newsletter?,SUBSCRIPTION,manage_newsletter,"Email preferences live under Account > Communications, and every newsletter carries a one-click unsubscribe link."
B,hi cannot log into my account!,ACCOUNT,recover_password,Use Forgot Password on the sign-in page; the reset link is valid for 30 minutes and may land in spam.
B,hi stop sending me marketing emails,SUBSCRIPTION,manage_newsletter,"Email preferences live under Account > Communications, and every newsletter carries a one-click unsubscribe link."
BL,"i need help, can you tell me where my package is asap",ORDER,track_order,You can track your order in the Orders section of your account; a live tracking link is also emailed at dispatch.
BL,"i need help, sign me up for an account?",ACCOUNT,create_account,Create an account from Sign Up with an email address; you will receive a verification link to activate it.
B,please please cancel the purchase i just made!,ORDER,cancel_order,Orders can be cancelled from Orders > Cancel within 60 minutes of purchase; after that contact support for a return.
BQ,cannot log into my account please,ACCOUNT,recover_password,Use Forgot Password on the sign-in page; the reset link is valid for 30 minutes and may land in spam.
BQ,hey there my payment failed asap,PAYMENT,payment_issue,Failed payments are usually an issuer block or an address mismatch; retry with a different method or contact your bank.
BQ,hi i need to recover access to my account!,ACCOUNT,recover_password,Use Forgot Password on the sign-in page; the reset link is valid for 30 minutes and may land in spam.
BM,hey there locked out of my profile!,ACCOUNT,recover_password,Use Forgot Password on the sign-in page; the reset link is valid for 30 minutes and may land in spam.
BM,"hello, how do i get my money back please",REFUND,get_refund,Refunds are issued to the original payment method within 5-7 business days of the returned item being received.
B,hi how much is express delivery!,DELIVERY,delivery_options,"Standard delivery is 3-5 business days, express is next business day; options and costs are shown at checkout."
BQ,hey there do you deliver to {{Delivery City}} thanks,DELIVERY,delivery_options,"Standard delivery is 3-5 business days, express is next business day; options and costs are shown at checkout."
BM,"hello, status of my delivery please asap",ORDER,track_order,You can track your order in the Orders section of your account; a live tracking link is also emailed at dispatch.
BQ,hi when will my order arrive thanks,DELIVERY,delivery_options,"Standard delivery is 3-5 business days, express is next business day; options and costs are shown at checkout."
BQ,"i need help, refund status please asap",REFUND,get_refund,Refunds are issued to the original payment method within 5-7 business days of the returned item being received.
BL,please how do i cancel my order thanks,ORDER,cancel_order,Orders can be cancelled from Orders > Cancel within 60 minutes of purchase; after that contact support for a return.
BQ,hi how do i cancel my order please,ORDER,cancel_order,Orders can be cancelled from Orders > Cancel within 60 minutes of purchase; after that contact support for a return.
B,how do i reset my password please,ACCOUNT,recover_password,Use Forgot Password on the sign-in page; the reset link is valid for 30 minutes and may land in spam.
BM,please delivery times to my area?,DELIVERY,delivery_options,"Standard delivery is 3-5 business days, express is next business day; options and costs are shown at checkout."
BL,please i want to call off order {{Order Number}}?,ORDER,cancel_order,Orders can be cancelled from Orders > Cancel within 60 minutes of purchase; after that contact support for a return.
BL,hey there cannot log into my account,ACCOUNT,recover_password,Use Forgot Password on the sign-in page; the reset link is valid for 30 minutes and may land in spam.
BQ,"i need help, can you tell me where my package is thanks",ORDER,track_order,You can track your order in the Orders section of your account; a live tracking link is also emailed at dispatch.
BL,"i need help, i need to recover access to my account?",ACCOUNT,recover_password,Use Forgot Password on the sign-in page; the reset link is valid for 30 minutes and may land in spam.
BM,hey there i want to opt out of emails asap,SUBSCRIPTION,manage_newsletter,"Email preferences live under Account > Communications, and every newsletter carries a one-click unsubscribe link."
BM,please i was charged twice for order {{Order Number}} asap,PAYMENT,payment_issue,Failed payments are usually an issuer block or an address mismatch; retry with a different method or contact your bank.
B,"i need help, i need to cancel order {{Order Number}}",ORDER,cancel_order,Orders can be cancelled from Orders > Cancel within 60 minutes of purchase; after that contact support for a return.
BM,has my parcel shipped yet asap,ORDER,track_order,You can track your order in the Orders section of your account; a live tracking link is also emailed at dispatch.
B,hi how much is express delivery asap,DELIVERY,delivery_options,"Standard delivery is 3-5 business days, express is next business day; options and costs are shown at checkout."
BM,hey there how do i get my money back please,REFUND,get_refund,Refunds are issued to the original payment method within 5-7 business days of the returned item being received.
B,why is my payment not going through please,PAYMENT,payment_issue,Failed payments are usually an issuer block or an address mismatch; retry with a different method or contact your bank.
BM,hi delivery times to my area,DELIVERY,delivery_options,"Standard delivery is 3-5 business days, express is next business day; options and costs are shown at checkout."
BM,"hello, i was charged but never received the item!",REFUND,get_refund,Refunds are issued to the original payment method within 5-7 business days of the returned item being received.
BL,where is my order {{Order Number}} asap,ORDER,track_order,You can track your order in the Orders section of your account; a live tracking link is also emailed at dispatch.
BL,hi refund status please thanks,REFUND,get_refund,Refunds are issued to the original payment method within 5-7 business days of the returned item being received.
BQ,hi requesting reimbursement for my purchase?,REFUND,get_refund,Refunds are issued to the original payment method within 5-7 business days of the returned item being received.
BQ,too many promotional emails,SUBSCRIPTION,manage_newsletter,"Email preferences live under Account > Communications, and every newsletter carries a one-click unsubscribe link."
BM,"hello, i was charged but never received the item!",REFUND,get_refund,Refunds are issued to the original payment method within 5-7 business days of the returned item being received.
B,hi double charge on my account?,PAYMENT,payment_issue,Failed payments are usually an issuer block or an address mismatch; retry with a different method or contact your bank.
B,"hello, i forgot my password!",ACCOUNT,recover_password,Use Forgot Password on the sign-in page; the reset link is valid for 30 minutes and may land in spam.
BM,refund status please,REFUND,get_refund,Refunds are issued to the original payment method within 5-7 business days of the returned item being received.
BL,hi problem paying with my credit card please,PAYMENT,payment_issue,Failed payments are usually an issuer block or an address mismatch; retry with a different method or contact your bank.
BM,"hello, help me create a new profile asap",ACCOUNT,create_account,Create an account from Sign Up with an email address; you will receive a verification link to activate it.
BQ,hi refund status please?,REFUND,get_refund,Refunds are issued to the original payment method within 5-7 business days of the returned item being received.
BQ,i want to open an account,ACCOUNT,create_account,Create an account from Sign Up with an email address; you will receive a verification link to activate it.
BQ,"i need help, i want to call off order {{Order Number}}!",ORDER,cancel_order,Orders can be cancelled from Orders > Cancel within 60 minutes of purchase; after that contact support for a return.
BM,please can i stop my order from shipping!,ORDER,cancel_order,Orders can be cancelled from Orders > Cancel within 60 minutes of purchase; after that contact support for a return.
BM,hi i want to check the status of order {{Order Number}} thanks,ORDER,track_order,You can track your order in the Orders section of your account; a live tracking link is also emailed at dispatch.
B,hey there how do i reset my password?,ACCOUNT,recover_password,Use Forgot Password on the sign-in page; the reset link is valid for 30 minutes and may land in spam.
BM,"i need help, how do i reset my password please",ACCOUNT,recover_password,Use Forgot Password on the sign-in page; the reset link is valid for 30 minutes and may land in spam.
BQ,hi please cancel the purchase i just made,ORDER,cancel_order,Orders can be cancelled from Orders > Cancel within 60 minutes of purchase; after that contact support for a return.
BM,hi password reset email not arriving thanks,ACCOUNT,recover_password,Use Forgot Password on the sign-in page; the reset link is valid for 30 minutes and may land in spam.
B,"i need help, double charge on my account?",PAYMENT,payment_issue,Failed payments are usually an issuer block or an address mismatch; retry with a different method or contact your bank.
B,hey there i forgot my password asap,ACCOUNT,recover_password,Use Forgot Password on the sign-in page; the reset link is valid for 30 minutes and may land in spam.
BM,hi sign me up for an account thanks,ACCOUNT,create_account,Create an account from Sign Up with an email address; you will receive a verification link to activate it.
B,i want to call off order {{Order Number}} please,ORDER,cancel_order,Orders can be cancelled from Orders > Cancel within 60 minutes of purchase; after that contact support for a return.
BL,hey there the card was declined at checkout!,PAYMENT,payment_issue,Failed payments are usually an issuer block or an address mismatch; retry with a different method or contact your bank.
BM,please sign me up for an account asap,ACCOUNT,create_account,Create an account from Sign Up with an email address; you will receive a verification link to activate it.
BM,"hello, unsubscribe me from the newsletter asap",SUBSCRIPTION,manage_newsletter,"Email preferences live under Account > Communications, and every newsletter carries a one-click unsubscribe link."
BL,hi when will my refund of {{Refund Amount}} arrive?,REFUND,get_refund,Refunds are issued to the original payment method within 5-7 business days of the returned item being received.
BL,how do i subscribe to your newsletter please,SUBSCRIPTION,manage_newsletter,"Email preferences live under Account > Communications, and every newsletter carries a one-click unsubscribe link."
BM,hi how do i register,ACCOUNT,create_account,Create an account from Sign Up with an email address; you will receive a verification link to activate it.
BL,"i need help, i was charged but never received the item",REFUND,get_refund,Refunds are issued to the original payment method within 5-7 business days of the returned item being received.
BM,please i need to cancel order {{Order Number}},ORDER,cancel_order,Orders can be cancelled from Orders > Cancel within 60 minutes of purchase; after that contact support for a return.
BM,hi where is my order {{Order Number}} asap,ORDER,track_order,You can track your order in the Orders section of your account; a live tracking link is also emailed at dispatch.
BM,hi can you tell me where my package is!,ORDER,track_order,You can track your order in the Orders section of your account; a live tracking link is also emailed at dispatch.
BQ,hey there delivery times to my area please,DELIVERY,delivery_options,"Standard delivery is 3-5 business days, express is next business day; options and costs are shown at checkout."
BQ,"i need help, delivery times to my area asap",DELIVERY,delivery_options,"Standard delivery is 3-5 business days, express is next business day; options and costs are shown at checkout."
BQ,"i need help, delivery times to my area",DELIVERY,delivery_options,"Standard delivery is 3-5 business days, express is next business day; options and costs are shown at checkout."
BM,hi refund status please,REFUND,get_refund,Refunds are issued to the original payment method within 5-7 business days of the returned item being received.
BQ,please how do i register!,ACCOUNT,create_account,Create an account from Sign Up with an email address; you will receive a verification link to activate it.
B,"hello, i want to check the status of order {{Order Number}} please",ORDER,track_order,You can track your order in the Orders section of your account; a live tracking link is also emailed at dispatch.
BM,hey there can you tell me where my package is asap,ORDER,track_order,You can track your order in the Orders section of your account; a live tracking link is also emailed at dispatch.
BL,"i need help, i want to opt out of emails thanks",SUBSCRIPTION,manage_newsletter,"Email preferences live under Account > Communications, and every newsletter carries a one-click unsubscribe link."
B,please problem paying with my credit card?,PAYMENT,payment_issue,Failed payments are usually an issuer block or an address mismatch; retry with a different method or contact your bank.
B,please i was charged twice for order {{Order Number}} asap,PAYMENT,payment_issue,Failed payments are usually an issuer block or an address mismatch; retry with a different method or contact your bank.
BQ,please i was charged but never received the item please,REFUND,get_refund,Refunds are issued to the original payment method within 5-7 business days of the returned item being received.
B,"i need help, how do i register?",ACCOUNT,create_account,Create an account from Sign Up with an email address; you will receive a verification link to activate it.
BL,"hello, i need to recover access to my account thanks",ACCOUNT,recover_password,Use Forgot Password on the sign-in page; the reset link is valid for 30 minutes and may land in spam.
BL,"i need help, i was charged but never received the item please",REFUND,get_refund,Refunds are issued to the original payment method within 5-7 business days of the returned item being received.
BQ,i was charged but never received the item please,REFUND,get_refund,Refunds are issued to the original payment method within 5-7 business days of the returned item being received.
BQ,please the card was declined at checkout,PAYMENT,payment_issue,Failed payments are usually an issuer block or an address mismatch; retry with a different method or contact your bank.
BQ,"hello, cancel my recent purchase",ORDER,cancel_order,Orders can be cancelled from Orders > Cancel within 60 minutes of purchase; after that contact support for a return.
BQ,please cancel the purchase i just made asap,ORDER,cancel_order,Orders can be cancelled from Orders > Cancel within 60 minutes of purchase; after that contact support for a return.
B,"i need help, how much is express delivery",DELIVERY,delivery_options,"Standard delivery is 3-5 business days, express is next business day; options and costs are shown at checkout."
BL,where is my order {{Order Number}}?,ORDER,track_order,You can track your order in the Orders section of your account; a live tracking link is also emailed at dispatch.
BM,hi please cancel the purchase i just made!,ORDER,cancel_order,Orders can be cancelled from Orders > Cancel within 60 minutes of purchase; after that contact support for a return.
BQ,hey there delivery times to my area thanks,DELIVERY,delivery_options,"Standard delivery is 3-5 business days, express is next business day; options and costs are shown at checkout."
BM,please track order {{Order Number}} asap,ORDER,track_order,You can track your order in the Orders section of your account; a live tracking link is also emailed at dispatch.
BQ,"hello, how do i subscribe to your newsletter please",SUBSCRIPTION,manage_newsletter,"Email preferences live under Account > Communications, and every newsletter carries a one-click unsubscribe link."
BL,"i need help, how do i get my money back?",REFUND,get_refund,Refunds are issued to the original payment method within 5-7 business days of the returned item being received.
B,"hello, how do i register!",ACCOUNT,create_account,Create an account from Sign Up with an email address; you will receive a verification link to activate it.
B,"i need help, double charge on my account!",PAYMENT,payment_issue,Failed payments are usually an issuer block or an address mismatch; retry with a different method or contact your bank.
B,"i need help, problem paying with my credit card thanks",PAYMENT,payment_issue,Failed payments are usually an issuer block or an address mismatch; retry with a different method or contact your bank.
BM,hi has my parcel shipped yet,ORDER,track_order,You can track your order in the Orders section of your account; a live tracking link is also emailed at dispatch.
B,hi how do i cancel my order,ORDER,cancel_order,Orders can be cancelled from Orders > Cancel within 60 minutes of purchase; after that contact support for a return.
BQ,cannot log into my account please,ACCOUNT,recover_password,Use Forgot Password on the sign-in page; the reset link is valid for 30 minutes and may land in spam.
BQ,"hello, what do i need to open an account?",ACCOUNT,create_account,Create an account from Sign Up with an email address; you will receive a verification link to activate it.
BM,hi can i stop my order from shipping!,ORDER,cancel_order,Orders can be cancelled from Orders > Cancel within 60 minutes of purchase; after that contact support for a return.
BL,please registration help thanks,ACCOUNT,create_account,Create an account from Sign Up with an email address; you will receive a verification link to activate it.
BM,please status of my delivery please!,ORDER,track_order,You can track your order in the Orders section of your account; a live tracking link is also emailed at dispatch.
BM,hi when will my order arrive,DELIVERY,delivery_options,"Standard delivery is 3-5 business days, express is next business day; options and costs are shown at checkout."
BL,hey there how do i register asap,ACCOUNT,create_account,Create an account from Sign Up with an email address; you will receive a verification link to activate it.
BM,"i need help, is next day shipping available asap",DELIVERY,delivery_options,"Standard delivery is 3-5 business days, express is next business day; options and costs are shown at checkout."
BL,hey there is next day shipping available thanks,DELIVERY,delivery_options,"Standard delivery is 3-5 business days, express is next business day; options and costs are shown at checkout."
BL,"i need help, sign me up for an account",ACCOUNT,create_account,Create an account from Sign Up with an email address; you will receive a verification link to activate it.
B,hi problem paying with my credit card,PAYMENT,payment_issue,Failed payments are usually an issuer block or an address mismatch; retry with a different method or contact your bank.
BL,hi i want to call off order {{Order Number}} please,ORDER,cancel_order,Orders can be cancelled from Orders > Cancel within 60 minutes of purchase; after that contact support for a return.
BM,the card was declined at checkout asap,PAYMENT,payment_issue,Failed payments are usually an issuer block or an address mismatch; retry with a different method or contact your bank.
BM,"i need help, status of my delivery please thanks",ORDER,track_order,You can track your order in the Orders section of your account; a live tracking link is also emailed at dispatch.
B,hi how do i reset my password thanks,ACCOUNT,recover_password,Use Forgot Password on the sign-in page; the reset link is valid for 30 minutes and may land in spam.
BQ,sign me up for an account,ACCOUNT,create_account,Create an account from Sign Up with an email address; you will receive a verification link to activate it.
B,"hello, requesting reimbursement for my purchase please",REFUND,get_refund,Refunds are issued to the original payment method within 5-7 business days of the returned item being received.
BM,"hello, help me create a new profile please",ACCOUNT,create_account,Create an account from Sign Up with an email address; you will receive a verification link to activate it.
B,hi how much is express delivery?,DELIVERY,delivery_options,"Standard delivery is 3-5 business days, express is next business day; options and costs are shown at checkout."
BQ,hi i want a refund for order {{Order Number}} asap,REFUND,get_refund,Refunds are issued to the original payment method within 5-7 business days of the returned item being received.
BM,hey there i want to call off order {{Order Number}}!,ORDER,cancel_order,Orders can be cancelled from Orders > Cancel within 60 minutes of purchase; after that contact support for a return.
BQ,how do i subscribe to your newsletter thanks,SUBSCRIPTION,manage_newsletter,"Email preferences live under Account > Communications, and every newsletter carries a one-click unsubscribe link."
BQ,"i need help, cancel my recent purchase asap",ORDER,cancel_order,Orders can be cancelled from Orders > Cancel within 60 minutes of purchase; after that contact support for a return.
BM,"hello, can i stop my order from shipping thanks",ORDER,cancel_order,Orders can be cancelled from Orders > Cancel within 60 minutes of purchase; after that contact support for a return.
BL,hey there i forgot my password?,ACCOUNT,recover_password,Use Forgot Password on the sign-in page; the reset link is valid for 30 minutes and may land in spam.
B,"hello, too many promotional emails thanks",SUBSCRIPTION,manage_newsletter,"Email preferences live under Account > Communications, and every newsletter carries a one-click unsubscribe link."
BQ,problem paying with my credit card,PAYMENT,payment_issue,Failed payments are usually an issuer block or an address mismatch; retry with a different method or contact your bank.
BM,track order {{Order Number}},ORDER,track_order,You can track your order in the Orders section of your account; a live tracking link is also emailed at dispatch.
BQ,"hello, track order {{Order Number}}",ORDER,track_order,You can track your order in the Orders section of your account; a live tracking link is also emailed at dispatch.
BQ,"hello, help me create a new profile please",ACCOUNT,create_account,Create an account from Sign Up with an email address; you will receive a verification link to activate it.
BQ,"i need help, where is my order {{Order Number}}?",ORDER,track_order,You can track your order in the Orders section of your account; a live tracking link is also emailed at dispatch.
BL,hey there double charge on my account!,PAYMENT,payment_issue,Failed payments are usually an issuer block or an address mismatch; retry with a different method or contact your bank.
BQ,"hello, help me create a new profile!",ACCOUNT,create_account,Create an account from Sign Up with an email address; you will receive a verification link to activate it.
BL,"i need help, has my parcel shipped yet asap",ORDER,track_order,You can track your order in the Orders section of your account; a live tracking link is also emailed at dispatch.
BQ,hi what do i need to open an account thanks,ACCOUNT,create_account,Create an account from Sign Up with an email address; you will receive a verification link to activate it.
B,please i want a refund for order {{Order Number}} please,REFUND,get_refund,Refunds are issued to the original payment method within 5-7 business days of the returned item being received.
B,hi please cancel the purchase i just made asap,ORDER,cancel_order,Orders can be cancelled from Orders > Cancel within 60 minutes of purchase; after that contact support for a return.
BM,please stop sending me marketing emails asap,SUBSCRIPTION,manage_newsletter,"Email preferences live under Account > Communications, and every newsletter carries a one-click unsubscribe link."
BL,please requesting reimbursement for my purchase,REFUND,get_refund,Refunds are issued to the original payment method within 5-7 business days of the returned item being received.
BM,hi requesting reimbursement for my purchase,REFUND,get_refund,Refunds are issued to the original payment method within 5-7 business days of the returned item being received.
BL,please i want to open an account please,ACCOUNT,create_account,Create an account from Sign Up with an email address; you will receive a verification link to activate it.
B,hey there unsubscribe me from the newsletter,SUBSCRIPTION,manage_newsletter,"Email preferences live under Account > Communications, and every newsletter carries a one-click unsubscribe link."
B,please i want to call off order {{Order Number}},ORDER,cancel_order,Orders can be cancelled from Orders > Cancel within 60 minutes of purchase; after that contact support for a return.
BM,when will my order arrive!,DELIVERY,delivery_options,"Standard delivery is 3-5 business days, express is next business day; options and costs are shown at checkout."
BM,can i stop my order from shipping!,ORDER,cancel_order,Orders can be cancelled from Orders > Cancel within 60 minutes of purchase; after that contact support for a return.
BL,"hello, is next day shipping available please",DELIVERY,delivery_options,"Standard delivery is 3-5 business days, express is next business day; options and costs are shown at checkout."
BL,"hello, do you deliver to {{Delivery City}}!",DELIVERY,delivery_options,"Standard delivery is 3-5 business days, express is next business day; options and costs are shown at checkout."
BM,i want to call off order {{Order Number}} thanks,ORDER,cancel_order,Orders can be cancelled from Orders > Cancel within 60 minutes of purchase; after that contact support for a return.
B,please unsubscribe me from the newsletter,SUBSCRIPTION,manage_newsletter,"Email preferences live under Account > Communications, and every newsletter carries a one-click unsubscribe link."
B,"i need help, can i stop my order from shipping please",ORDER,cancel_order,Orders can be cancelled from Orders > Cancel within 60 minutes of purchase; after that contact support for a return.
BQ,hi sign me up for an account asap,ACCOUNT,create_account,Create an account from Sign Up with an email address; you will receive a verification link to activate it.
